id,월,avg_min_temp,avg_max_temp,monthly_precipitation
9,1,17.5,29.4,141.0
9,2,16.6,28.3,115.9
9,3,15.5,26.9,126.9
9,4,11.7,23.6,66.3
9,5,8.3,20.5,21.3
9,6,5.1,18.0,4.8
9,7,4.0,17.6,13.5
9,8,5.9,20.3,9.7
9,9,8.2,22.3,35.2
9,10,11.9,25.6,71.9
9,11,14.4,27.5,118.3
9,12,16.8,29.0,156.9
15,1,18.7,32.3,50.5
15,2,17.4,30.9,33.7
15,3,15.5,27.9,34.9
15,4,10.4,23.2,16.5
15,5,6.2,18.7,10.5
15,6,2.9,15.7,6.3
15,7,2.1,15.0,8.0
15,8,4.2,18.3,8.0
15,9,7.2,21.1,15.1
15,10,11.7,25.9,10.4
15,11,15.1,29.2,16.4
15,12,17.9,31.8,24.3
19,1,16.6,27.4,192.6
19,2,15.7,26.4,154.2
19,3,15.3,25.2,110.6
19,4,11.9,22.7,33.0
19,5,7.6,20.3,8.0
19,6,4.1,19.6,1.5
19,7,2.9,20.0,3.9
19,8,4.9,22.3,3.8
19,9,7.3,23.9,7.6
19,10,11.8,26.8,25.1
19,11,14.1,27.5,62.2
19,12,15.9,28.0,145.6
23,1,5.6,14.5,49.5
23,2,5.6,14.1,42.1
23,3,4.3,12.1,46.8
23,4,2.9,9.8,55.9
23,5,1.1,6.9,47.6
23,6,-1.2,4.2,56.4
23,7,-1.1,4.6,40.1
23,8,-0.3,6.1,36.0
23,9,0.6,8.1,34.5
23,10,2.3,10.5,36.1
23,11,3.6,12.2,41.3
23,12,4.6,13.3,50.7
24,1,-8.0,1.0,22.0
24,2,-6.0,4.0,25.0
24,3,0.0,11.0,30.0
24,4,6.0,19.0,37.0
24,5,10.0,24.0,44.0
24,6,14.0,29.0,21.0
24,7,17.0,33.0,9.0
24,8,17.0,32.0,8.0
24,9,12.0,28.0,8.0
24,10,7.0,21.0,27.0
24,11,1.0,12.0,23.0
24,12,-4.0,4.0,23.0
36,1,-2.0,2.9,37.2
36,2,-0.9,5.1,39.4
36,3,2.4,10.3,46.1
36,4,5.8,15.2,51.7
36,5,10.5,20.5,61.8
36,6,13.5,23.4,70.2
36,7,15.4,25.6,68.2
36,8,15.3,25.4,57.8
36,9,11.7,20.3,53.5
36,10,7.0,14.2,40.0
36,11,2.4,7.5,50.0
36,12,-0.5,4.0,44.4
40,1,-5.2,3.5,43.9
40,2,-3.7,6.3,41.4
40,3,0.2,11.3,55.9
40,4,3.4,14.8,57.7
40,5,7.8,20.3,87.1
40,6,10.8,22.6,110.3
40,7,12.8,24.7,137.2
40,8,12.7,24.4,111.3
40,9,9.3,20.8,78.1
40,10,4.8,15.8,57.3
40,11,-0.5,8.2,63.2
40,12,-4.2,3.7,53.1
46,1,2.1,6.6,21.0
46,2,2.0,6.3,20.0
46,3,4.2,9.8,21.0
46,4,9.4,16.4,18.0
46,5,14.9,22.1,18.0
46,6,19.7,27.3,8.0
46,7,22.2,30.6,2.0
46,8,22.9,29.7,6.0
46,9,19.4,25.6,15.0
46,10,13.6,19.6,25.0
46,11,8.8,13.5,30.0
46,12,4.8,9.7,26.0
47,1,17.1,25.6,47.2
47,2,17.3,25.7,49.0
47,3,17.9,26.7,54.4
47,4,19.3,27.9,69.3
47,5,21.1,29.6,104.9
47,6,23.0,31.1,218.9
47,7,23.7,32.0,160.5
47,8,23.8,32.1,235.5
47,9,23.5,31.5,163.1
47,10,22.3,30.0,163.1
47,11,20.5,28.0,80.5
47,12,18.4,26.4,50.0
48,1,15.9,24.3,83.1
48,2,15.5,24.4,72.6
48,3,17.5,25.8,93.5
48,4,19.2,27.4,66.8
48,5,21.0,29.6,104.7
48,6,23.2,31.2,176.0
48,7,23.9,32.2,165.4
48,8,23.9,32.3,207.8
48,9,23.3,31.6,217.4
48,10,21.4,29.6,142.8
48,11,19.4,27.3,93.0
48,12,17.0,25.1,73.7
50,1,14.1,20.0,14.6
50,2,14.9,21.2,16.0
50,3,17.8,24.7,13.9
50,4,21.5,29.2,10.0
50,5,26.0,34.1,1.1
50,6,28.8,36.4,0.0
50,7,30.4,37.9,0.0
50,8,30.5,38.0,0.0
50,9,28.6,36.5,0.0
50,10,25.5,33.1,0.5
50,11,21.2,27.8,3.8
50,12,16.2,22.3,10.9
51,1,12.7,25.4,7.0
51,2,15.5,28.1,25.0
51,3,20.3,32.4,63.0
51,4,23.6,33.8,154.0
51,5,24.5,32.9,341.0
51,6,26.1,32.2,337.0
51,7,26.2,31.4,373.0
51,8,26.3,31.6,316.0
51,9,25.9,31.8,314.0
51,10,23.8,31.6,175.0
51,11,19.2,29.6,34.0
51,12,14.3,26.4,15.0
53,1,-9.8,-4.2,40.0
53,2,-8.9,-2.5,34.0
53,3,-4.8,2.4,42.0
53,4,1.8,10.9,42.0
53,5,7.6,18.4,62.0
53,6,11.1,21.3,83.0
53,7,12.6,22.3,88.0
53,8,11.7,21.7,72.0
53,9,7.8,16.5,60.0
53,10,3.3,9.9,49.0
53,11,-1.3,3.1,52.0
53,12,-6.2,-1.5,53.0
55,1,0.7,5.6,71.2
55,2,0.6,6.4,53.0
55,3,2.9,9.9,72.9
55,4,4.8,13.1,53.8
55,5,8.9,17.7,69.5
55,6,11.5,20.0,77.6
55,7,13.6,22.4,69.1
55,8,13.4,22.5,63.7
55,9,10.8,18.7,63.0
55,10,7.6,14.4,68.1
55,11,3.7,9.1,79.4
55,12,1.9,6.5,79.0
58,1,17.7,28.0,128.0
58,2,17.6,29.2,64.0
58,3,18.5,31.2,44.0
58,4,20.0,32.8,44.3
58,5,21.6,34.1,84.8
58,6,22.6,32.3,305.7
58,7,22.0,31.7,276.2
58,8,21.9,32.0,224.9
58,9,22.1,31.8,254.8
58,10,21.3,30.8,215.3
58,11,20.0,29.2,199.7
58,12,18.7,28.0,178.2
74,1,19.4,32.5,113.6
74,2,19.3,31.5,88.6
74,3,17.4,30.2,66.1
74,4,13.4,27.8,32.5
74,5,8.3,25.4,10.7
74,6,4.6,22.5,4.5
74,7,4.6,22.8,0.4
74,8,7.6,25.7,3.4
74,9,12.5,29.6,18.7
74,10,16.2,31.0,44.4
74,11,17.9,31.5,80.2
74,12,18.8,32.3,89.1
75,1,23.3,29.4,114.1
75,2,23.5,30.2,105.3
75,3,23.3,29.4,103.3
75,4,21.9,27.8,137.4
75,5,20.4,26.4,85.6
75,6,18.7,25.2,80.4
75,7,18.4,25.3,56.4
75,8,18.9,25.6,50.5
75,9,19.2,25.0,87.1
75,10,20.2,26.0,88.2
75,11,21.4,27.4,95.6
75,12,22.4,28.6,169.0
76,1,17.4,26.9,241.4
76,2,17.4,26.7,214.7
76,3,17.5,27.1,188.9
76,4,16.8,26.6,123.8
76,5,15.0,25.7,39.3
76,6,13.3,25.2,8.8
76,7,12.9,25.1,11.8
76,8,14.6,27.3,12.8
76,9,16.0,28.3,51.9
76,10,17.4,27.5,172.1
76,11,17.5,26.6,238.0
76,12,17.5,26.2,248.6
78,1,15.8,25.6,165.0
78,2,16.3,25.8,142.1
78,3,15.4,24.9,126.6
78,4,12.8,22.3,90.0
78,5,10.2,21.1,99.2
78,6,7.8,18.3,98.1
78,7,8.1,19.4,89.0
78,8,9.2,20.9,74.5
78,9,10.8,21.3,115.4
78,10,12.5,22.6,134.2
78,11,14.0,24.5,123.8
78,12,15.4,25.4,150.1
79,1,21.4,28.0,176.2
79,2,21.8,28.4,197.7
79,3,20.7,27.5,186.3
79,4,18.3,25.4,96.6
79,5,15.6,23.0,96.9
79,6,13.4,20.9,75.2
79,7,13.3,20.4,94.6
79,8,14.0,20.7,92.5
79,9,15.1,21.2,126.8
79,10,16.9,22.9,126.0
79,11,18.6,24.8,129.1
79,12,20.3,26.6,146.2
80,1,24.7,30.5,129.6
80,2,23.2,30.1,215.6
80,3,23.8,29.7,338.6
80,4,23.4,29.7,348.1
80,5,23.4,29.1,226.1
80,6,22.1,29.6,160.1
80,7,21.8,29.5,91.4
80,8,22.6,29.1,31.2
80,9,23.4,29.2,22.8
80,10,24.5,30.5,15.6
80,11,24.4,30.7,13.4
80,12,24.6,30.7,49.8
83,1,23.1,30.5,260.1
83,2,23.1,30.4,288.3
83,3,23.2,30.6,313.5
83,4,23.3,30.7,300.1
83,5,23.3,30.8,256.3
83,6,23.0,31.0,113.6
83,7,22.7,31.3,87.5
83,8,23.0,32.6,57.9
83,9,23.5,32.9,83.3
83,10,23.7,32.8,125.7
83,11,23.7,32.1,183.0
83,12,23.5,31.3,216.9
87,1,18.7,27.3,238.7
87,2,18.8,28.0,217.4
87,3,18.2,27.2,159.8
87,4,16.3,25.1,75.8
87,5,13.8,23.0,73.6
87,6,12.4,21.8,55.7
87,7,11.7,21.8,44.1
87,8,12.8,23.3,38.9
87,9,13.9,23.9,80.5
87,10,15.3,24.8,123.6
87,11,16.6,25.9,145.8
87,12,17.7,26.3,200.9
89,1,-4.9,2.2,28.0
89,2,-2.9,4.9,31.0
89,3,0.3,9.8,38.0
89,4,4.8,15.7,51.0
89,5,9.0,20.3,73.0
89,6,12.1,23.5,75.0
89,7,13.8,25.9,63.0
89,8,13.4,26.0,51.0
89,9,10.4,22.6,38.0
89,10,5.7,16.6,35.0
89,11,1.2,9.6,48.0
89,12,-2.7,4.1,40.0
92,1,-1.1,5.5,38.0
92,2,0.0,6.5,41.0
92,3,2.4,9.6,34.0
92,4,7.1,14.8,44.0
92,5,11.8,20.1,40.0
92,6,15.7,24.8,46.0
92,7,17.8,27.1,37.0
92,8,17.6,27.3,32.0
92,9,14.4,23.8,31.0
92,10,9.8,18.4,36.0
92,11,5.5,13.1,50.0
92,12,1.6,8.1,45.0
93,1,16.5,32.9,0.1
93,2,19.1,35.8,0.5
93,3,23.5,38.3,5.9
93,4,26.4,39.3,26.5
93,5,26.1,37.7,66.8
93,6,24.1,34.7,97.5
93,7,22.8,32.1,176.2
93,8,22.2,31.1,214.2
93,9,22.4,32.5,121.2
93,10,23.0,35.6,33.5
93,11,19.6,35.9,1.2
93,12,16.9,33.4,0.2
94,1,21.9,31.5,25.5
94,2,23.0,32.8,11.5
94,3,24.1,34.9,58.0
94,4,25.0,34.9,101.0
94,5,25.3,34.3,111.6
94,6,25.0,33.5,177.1
94,7,24.7,32.5,195.9
94,8,24.6,32.5,172.0
94,9,24.3,32.3,248.8
94,10,23.8,31.1,318.9
94,11,22.7,29.9,135.0
94,12,21.7,30.1,80.3
99,1,20.2,31.7,38.2
99,2,23.9,32.3,51.8
99,3,23.5,32.1,156.1
99,4,23.4,31.9,242.7
99,5,23.2,31.2,279.2
99,6,22.9,29.4,384.2
99,7,22.6,27.6,619.6
99,8,22.8,27.3,702.7
99,9,22.7,28.6,548.8
99,10,22.6,29.6,383.3
99,11,23.2,30.6,138.2
99,12,23.2,31.3,28.0
100,1,-7.3,-1.1,61.2
100,2,-6.3,-0.2,50.5
100,3,-2.0,4.6,66.1
100,4,3.8,11.3,69.6
100,5,9.9,18.5,73.3
100,6,14.8,23.5,71.5
100,7,17.9,26.4,67.5
100,8,17.3,25.3,79.6
100,9,13.2,20.7,83.4
100,10,7.3,13.8,64.7
100,11,2.2,7.4,75.7
100,12,-3.7,1.8,71.0
101,1,-14.1,-4.6,27.5
101,2,-11.6,-0.4,21.9
101,3,-7.3,4.5,23.4
101,4,-2.5,9.5,32.4
101,5,1.7,14.5,59.6
101,6,5.4,18.5,61.7
101,7,7.4,21.9,54.2
101,8,6.9,21.3,60.1
101,9,2.7,16.3,42.1
101,10,-1.3,10.1,29.4
101,11,-8.4,0.2,26.8
101,12,-13.3,-5.1,33.2
102,1,-15.1,-2.8,11.6
102,2,-12.0,-0.1,8.8
102,3,-7.8,4.0,17.4
102,4,-2.1,11.3,23.9
102,5,3.1,16.4,60.3
102,6,7.3,20.2,79.8
102,7,9.4,22.9,67.9
102,8,8.6,22.5,58.8
102,9,4.0,17.6,45.7
102,10,-1.4,12.1,13.9
102,11,-8.9,2.8,12.3
102,12,-13.4,-1.3,12.2
103,1,-12.6,-3.3,106.4
103,2,-12.4,-3.3,85.5
103,3,-7.1,0.9,91.8
103,4,-1.4,6.7,87.8
103,5,4.0,14.1,97.7
103,6,9.6,19.6,93.2
103,7,13.8,23.2,85.8
103,8,13.5,22.6,87.3
103,9,9.1,18.0,95.4
103,10,3.8,11.8,108.6
103,11,-1.1,5.7,110.8
103,12,-8.1,-0.1,123.1
104,1,-19.1,-8.0,22.7
104,2,-16.3,-4.7,13.0
104,3,-9.9,1.0,16.0
104,4,-2.2,10.7,26.3
104,5,3.4,17.4,49.9
104,6,7.7,20.5,87.4
104,7,9.5,22.2,95.2
104,8,8.3,21.7,70.3
104,9,3.3,16.9,47.1
104,10,-2.4,10.9,19.8
104,11,-11.0,-0.4,17.7
104,12,-16.7,-5.9,17.3
105,1,-10.7,-1.2,149.2
105,2,-10.2,-1.1,114.4
105,3,-5.8,3.0,134.5
105,4,-0.5,8.4,118.3
105,5,4.5,15.0,109.7
105,6,9.6,20.3,98.3
105,7,13.5,23.6,102.2
105,8,13.5,23.3,92.7
105,9,9.3,18.8,103.6
105,10,3.8,12.7,128.7
105,11,-0.7,6.9,146.0
105,12,-7.1,1.4,154.8
108,1,-7.6,-0.8,22.9
108,2,-4.4,3.6,14.4
108,3,-0.9,10.5,11.7
108,4,2.9,16.5,14.6
108,5,7.5,21.3,24.4
108,6,11.3,24.8,35.2
108,7,13.7,28.3,29.5
108,8,13.2,27.8,29.1
108,9,8.5,22.0,28.0
108,10,3.2,13.7,16.2
108,11,-1.7,5.2,24.1
108,12,-6.1,0.1,28.9
110,1,-17.0,-7.0,99.1
110,2,-15.0,-4.6,62.4
110,3,-8.3,1.5,71.3
110,4,-0.1,10.7,86.9
110,5,6.2,18.8,79.7
110,6,10.9,23.1,99.7
110,7,13.6,25.5,96.8
110,8,12.4,24.2,97.3
110,9,7.3,19.0,94.5
110,10,1.7,12.1,89.4
110,11,-3.6,4.5,100.2
110,12,-12.7,-3.6,87.3
112,1,-15.3,-6.1,70.2
112,2,-13.3,-4.1,58.9
112,3,-7.1,2.2,73.9
112,4,0.6,10.8,72.4
112,5,7.7,19.1,79.0
112,6,12.7,23.8,85.0
112,7,15.4,26.5,90.6
112,8,14.1,24.9,87.1
112,9,9.1,19.5,85.3
112,10,3.0,12.5,79.4
112,11,-2.8,4.8,80.1
112,12,-11.1,-3.0,81.5
114,1,-13.6,-2.7,139.4
114,2,-12.7,-1.9,94.0
114,3,-7.3,2.3,117.9
114,4,-1.2,8.3,104.2
114,5,4.0,14.8,117.5
114,6,8.4,19.5,100.9
114,7,11.7,22.4,101.5
114,8,11.6,22.2,89.6
114,9,7.7,17.7,117.4
114,10,2.7,11.9,124.8
114,11,-2.1,6.0,133.7
114,12,-9.7,0.3,149.4
115,1,-22.3,-11.8,15.2
115,2,-18.2,-7.8,10.3
115,3,-10.9,-0.7,14.7
115,4,-1.9,10.6,23.9
115,5,4.5,18.4,49.4
115,6,9.4,22.6,61.1
115,7,11.4,24.9,60.1
115,8,10.2,24.4,38.8
115,9,4.4,18.0,30.7
115,10,-1.9,10.8,16.7
115,11,-10.9,-1.5,13.3
115,12,-19.4,-9.2,15.9
117,1,0.5,6.1,153.6
117,2,1.5,8.0,123.1
117,3,3.1,10.1,114.3
117,4,5.3,13.1,84.0
117,5,8.4,16.5,67.9
117,6,11.2,19.2,54.8
117,7,13.2,21.7,39.6
117,8,13.4,21.9,39.1
117,9,10.5,18.7,53.5
117,10,6.6,13.5,112.6
117,11,3.1,9.0,181.0
117,12,0.8,6.2,175.7
119,1,0.7,6.9,136.6
119,2,1.4,8.4,107.8
119,3,2.3,10.5,78.0
119,4,4.1,13.4,44.5
119,5,6.9,16.6,36.5
119,6,9.3,19.3,32.0
119,7,10.8,21.9,19.5
119,8,10.8,22.0,23.9
119,9,8.4,19.4,30.4
119,10,5.3,14.2,75.7
119,11,2.7,9.5,147.2
119,12,1.0,6.9,151.2
121,1,-22.8,-12.7,19.7
121,2,-18.7,-8.5,14.9
121,3,-11.0,-1.1,21.5
121,4,-2.4,10.3,31.9
121,5,4.8,19.2,58.8
121,6,10.7,23.3,89.5
121,7,13.3,25.8,70.6
121,8,11.9,25.0,75.1
121,9,6.0,18.6,52.3
121,10,-0.3,10.8,36.0
121,11,-9.6,-0.9,25.0
121,12,-19.1,-9.7,18.5
127,1,13.3,30.1,0.6
127,2,12.8,29.5,1.3
127,3,11.4,27.4,6.1
127,4,8.6,23.1,16.3
127,5,6.4,18.5,55.5
127,6,5.0,15.7,83.3
127,7,3.9,15.3,75.9
127,8,5.1,17.1,55.1
127,9,6.8,19.4,27.2
127,10,8.6,22.9,12.9
127,11,10.3,26.1,6.2
127,12,12.2,28.8,1.5
131,1,18.8,25.7,0.0
131,2,18.7,25.9,
131,3,18.0,25.1,
131,4,16.5,22.9,0.0
131,5,15.1,20.7,0.3
131,6,14.2,18.9,0.3
131,7,13.7,18.1,0.2
131,8,13.8,18.1,0.0
131,9,14.2,18.8,0.0
131,10,15.1,20.2,0.0
131,11,16.1,21.9,
131,12,17.4,23.9,0.1
132,1,14.0,21.4,0.2
132,2,14.0,21.4,0.1
132,3,13.2,20.3,0.8
132,4,11.0,18.4,0.9
132,5,9.6,16.9,11.1
132,6,8.1,15.8,20.8
132,7,7.6,15.5,31.9
132,8,8.2,15.7,15.2
132,9,8.9,16.4,3.1
132,10,9.8,17.4,1.6
132,11,11.2,18.5,0.3
132,12,12.6,20.0,0.2
134,1,9.3,19.8,86.9
134,2,9.0,19.7,70.1
134,3,8.2,17.9,100.6
134,4,6.6,15.0,148.3
134,5,5.6,12.5,196.4
134,6,4.3,10.5,219.6
134,7,3.5,10.2,175.3
134,8,3.7,11.2,168.0
134,9,4.2,12.9,124.7
134,10,5.6,14.6,127.6
134,11,6.9,16.4,103.3
134,12,8.5,18.4,92.3
137,1,6.9,15.2,42.3
137,2,6.6,14.7,30.6
137,3,5.2,12.8,41.8
137,4,3.5,10.0,44.7
137,5,1.5,6.7,40.7
137,6,-0.7,4.1,29.1
137,7,-0.9,4.1,30.5
137,8,0.0,5.6,31.9
137,9,1.3,8.3,27.0
137,10,2.7,10.8,28.7
137,11,4.5,12.8,28.0
137,12,5.9,14.3,31.6
144,1,-9.4,1.6,3.0
144,2,-6.9,4.0,6.0
144,3,-0.6,11.3,9.0
144,4,7.2,19.9,26.0
144,5,13.2,26.4,29.0
144,6,18.2,30.3,71.0
144,7,21.6,30.8,176.0
144,8,20.4,29.5,182.0
144,9,14.2,25.8,49.0
144,10,7.3,19.0,19.0
144,11,-0.4,10.1,6.0
144,12,-6.9,3.3,2.0
146,1,5.6,9.5,20.0
146,2,6.9,11.6,21.0
146,3,10.9,16.8,37.0
146,4,15.1,22.2,102.0
146,5,19.0,25.9,159.0
146,6,21.5,28.1,166.0
146,7,24.5,32.2,171.0
146,8,24.5,32.8,138.0
146,9,20.4,26.5,149.0
146,10,16.2,21.3,96.0
146,11,11.5,15.7,53.0
146,12,7.2,10.9,26.0
147,1,7.7,15.0,49.0
147,2,7.9,14.8,74.0
147,3,10.3,18.0,131.0
147,4,14.8,23.0,164.0
147,5,19.2,26.6,197.0
147,6,22.6,29.9,211.0
147,7,25.3,34.0,92.0
147,8,25.0,33.3,169.0
147,9,22.9,30.3,147.0
147,10,19.0,26.2,45.0
147,11,14.6,21.8,39.0
147,12,9.7,17.5,29.0
148,1,9.8,18.3,43.0
148,2,11.3,18.4,65.0
148,3,14.9,21.6,85.0
148,4,19.1,25.5,182.0
148,5,22.7,29.4,284.0
148,6,24.5,31.3,258.0
148,7,25.3,32.7,228.0
148,8,25.2,32.6,221.0
148,9,23.8,31.4,172.0
148,10,20.5,28.6,79.0
148,11,15.7,24.4,42.0
148,12,11.1,20.5,24.0
149,1,-24.6,-13.0,3.0
149,2,-21.3,-8.5,6.0
149,3,-10.2,2.0,10.0
149,4,0.0,13.3,21.0
149,5,7.6,21.3,37.0
149,6,14.0,26.0,78.0
149,7,18.0,27.7,153.0
149,8,16.1,26.1,116.0
149,9,8.5,20.5,61.0
149,10,-0.1,11.7,23.0
149,11,-10.5,-0.3,8.0
149,12,-20.3,-9.8,5.0
150,1,-0.9,6.8,30.0
150,2,0.6,8.3,51.0
150,3,5.4,13.7,68.0
150,4,11.6,20.3,94.0
150,5,16.9,25.6,97.0
150,6,21.2,29.1,120.0
150,7,24.7,32.1,171.0
150,8,24.3,32.3,111.0
150,9,19.1,27.1,85.0
150,10,13.1,22.0,66.0
150,11,6.8,15.6,57.0
150,12,0.9,9.4,25.0
153,1,2.4,8.9,56.0
153,2,3.8,9.8,102.0
153,3,8.1,14.8,151.0
153,4,14.0,21.0,224.0
153,5,19.2,26.1,253.0
153,6,22.7,29.3,282.0
153,7,26.0,33.8,122.0
153,8,25.8,33.6,103.0
153,9,21.7,28.9,75.0
153,10,16.1,23.6,58.0
153,11,10.1,17.5,55.0
153,12,4.3,11.7,41.0
155,1,-1.6,7.0,29.0
155,2,0.0,8.4,48.0
155,3,4.4,13.5,69.0
155,4,10.3,20.1,87.0
155,5,15.7,25.3,96.0
155,6,20.4,29.0,159.0
155,7,24.6,32.0,188.0
155,8,24.2,32.2,124.0
155,9,19.1,27.2,95.0
155,10,12.6,22.1,60.0
155,11,6.1,15.9,56.0
155,12,-0.1,9.7,25.0
156,1,9.7,17.2,35.0
156,2,11.2,17.7,46.0
156,3,14.9,21.6,50.0
156,4,19.2,26.3,107.0
156,5,22.8,30.6,188.0
156,6,24.6,32.0,216.0
156,7,25.3,33.1,201.0
156,8,24.9,32.7,214.0
156,9,23.5,31.7,125.0
156,10,19.9,28.4,72.0
156,11,15.1,23.8,45.0
156,12,11.0,19.8,23.0
158,1,0.5,7.7,39.0
158,2,1.5,8.6,59.0
158,3,5.1,12.7,81.0
158,4,10.6,18.6,102.0
158,5,15.7,23.5,115.0
158,6,20.3,27.2,152.0
158,7,24.8,31.6,128.0
158,8,24.7,31.5,133.0
158,9,20.5,27.2,156.0
158,10,14.7,22.3,61.0
158,11,8.6,16.7,51.0
158,12,2.4,10.6,35.0
159,1,-16.6,-5.2,7.0
159,2,-13.1,-1.7,8.0
159,3,-4.4,6.4,16.0
159,4,3.8,16.0,43.0
159,5,11.1,23.2,55.0
159,6,16.6,27.1,87.0
159,7,20.4,29.0,167.0
159,8,19.3,28.3,157.0
159,9,11.9,23.5,77.0
159,10,4.1,15.9,42.0
159,11,-4.2,5.7,17.0
159,12,-12.5,-2.2,9.0
160,1,11.6,19.6,29.8
160,2,12.7,19.8,44.0
160,3,15.9,22.5,67.4
160,4,19.9,26.2,173.6
160,5,23.1,29.3,238.5
160,6,25.1,31.2,296.5
160,7,25.7,32.2,339.4
160,8,25.5,32.0,368.0
160,9,24.3,31.1,238.2
160,10,21.5,28.9,99.3
160,11,17.0,25.1,37.4
160,12,13.0,21.5,34.0
161,1,-7.5,3.5,3.0
161,2,-5.0,5.7,9.0
161,3,1.4,13.3,12.0
161,4,8.6,21.1,23.0
161,5,14.4,27.5,36.0
161,6,19.3,32.0,49.0
161,7,22.1,31.7,137.0
161,8,21.1,30.1,156.0
161,9,15.2,26.4,54.0
161,10,8.5,20.5,29.0
161,11,1.2,12.0,16.0
161,12,-5.0,5.2,4.0
163,1,-12.2,1.5,3.0
163,2,-8.8,4.6,6.0
163,3,-2.5,11.3,11.0
163,4,4.6,19.2,24.0
163,5,10.3,25.4,35.0
163,6,14.7,28.6,55.0
163,7,18.1,29.2,120.0
163,8,16.9,27.8,94.0
163,9,10.5,23.1,64.0
163,10,4.0,17.6,29.0
163,11,-2.9,9.2,12.0
163,12,-10.0,2.5,3.0
164,1,-7.7,1.6,3.0
164,2,-5.5,4.0,6.0
164,3,1.0,11.3,9.0
164,4,8.5,19.8,24.0
164,5,14.8,26.3,34.0
164,6,19.6,30.0,68.0
164,7,22.7,30.7,185.0
164,8,22.1,30.0,155.0
164,9,16.6,26.0,42.0
164,10,9.6,19.6,21.0
164,11,1.5,10.6,10.0
164,12,-5.1,3.5,4.0
165,1,-4.2,4.8,6.0
165,2,-1.8,7.7,11.0
165,3,3.2,14.0,26.0
165,4,8.9,20.4,50.0
165,5,13.8,25.8,65.0
165,6,18.8,31.6,51.0
165,7,21.6,32.0,93.0
165,8,20.8,31.1,67.0
165,9,15.5,24.7,108.0
165,10,9.8,19.3,66.0
165,11,2.8,12.1,26.0
165,12,-2.9,6.1,6.0
166,1,2.0,8.6,22.6
166,2,3.6,10.8,30.5
166,3,7.3,15.0,58.4
166,4,13.3,22.0,86.2
166,5,17.8,26.6,129.7
166,6,21.5,29.7,148.0
166,7,24.1,32.4,216.3
166,8,23.9,32.2,173.8
166,9,19.8,27.7,123.0
166,10,14.6,22.6,85.0
166,11,9.1,16.7,46.8
166,12,4.1,11.2,17.6
170,1,5.6,16.4,29.0
170,2,6.5,16.7,44.0
170,3,7.6,16.7,66.0
170,4,8.6,16.0,101.0
170,5,8.7,16.2,93.0
170,6,8.3,15.7,54.0
170,7,7.7,14.9,43.0
170,8,7.3,15.4,46.0
170,9,7.1,15.8,72.0
170,10,7.7,15.9,107.0
170,11,7.9,16.0,91.0
170,12,6.3,16.1,53.0
172,1,19.2,29.8,88.0
172,2,19.2,29.9,120.0
172,3,19.3,30.2,146.0
172,4,19.4,29.7,190.0
172,5,19.3,29.3,165.0
172,6,19.0,29.5,91.0
172,7,18.0,30.2,55.0
172,8,18.5,30.9,64.0
172,9,18.8,30.3,108.0
172,10,18.9,29.2,170.0
172,11,19.0,28.8,159.0
172,12,19.0,29.1,129.0
173,1,23.6,30.5,4.0
173,2,24.0,30.6,1.0
173,3,24.5,30.8,2.0
173,4,25.2,31.1,24.0
173,5,25.6,31.3,115.0
173,6,25.7,31.6,100.0
173,7,25.3,31.6,108.0
173,8,25.4,31.5,127.0
173,9,25.4,31.3,135.0
173,10,25.1,30.9,235.0
173,11,25.1,30.9,131.0
173,12,24.2,30.7,35.0
175,1,16.8,26.9,138.0
175,2,17.0,27.0,136.0
175,3,17.2,26.9,202.0
175,4,17.2,26.3,223.0
175,5,17.1,25.9,250.0
175,6,17.0,26.0,186.0
175,7,16.7,26.7,125.0
175,8,16.6,26.9,130.0
175,9,16.6,26.3,191.0
175,10,16.6,25.8,270.0
175,11,16.8,25.7,271.0
175,12,16.9,26.2,179.0
178,1,21.7,33.0,4.0
178,2,22.7,33.5,3.0
178,3,23.7,33.7,2.0
178,4,24.9,33.5,9.0
178,5,25.1,32.7,51.0
178,6,24.6,32.6,60.0
178,7,24.1,32.8,57.0
178,8,24.0,32.5,57.0
178,9,23.8,32.0,87.0
178,10,23.7,31.6,114.0
178,11,23.3,31.7,48.0
178,12,22.1,32.2,12.0
190,1,6.5,12.2,95.2
190,2,6.4,12.3,89.2
190,3,8.5,14.4,97.7
190,4,10.9,16.9,90.9
190,5,15.2,21.3,76.1
190,6,18.8,25.2,48.6
190,7,21.5,28.3,24.1
190,8,21.7,28.7,59.0
190,9,18.7,25.4,78.7
190,10,15.2,21.4,109.9
190,11,10.8,16.6,141.9
190,12,7.8,13.3,125.3
196,1,2.7,8.7,134.9
196,2,3.2,9.5,114.3
196,3,5.5,12.4,104.0
196,4,8.8,16.1,110.7
196,5,12.9,20.9,102.4
196,6,16.2,24.6,110.8
196,7,18.6,27.7,82.0
196,8,18.5,27.6,100.2
196,9,15.3,23.6,165.3
196,10,11.1,18.6,175.7
196,11,7.1,13.4,183.4
196,12,4.1,10.0,154.2
198,1,5.3,10.2,77.9
198,2,5.5,11.0,64.8
198,3,7.6,13.7,63.5
198,4,10.8,17.4,62.0
198,5,15.2,22.5,54.9
198,6,18.8,26.7,50.8
198,7,21.6,29.8,27.6
198,8,21.5,29.5,42.7
198,9,18.1,25.1,66.9
198,10,14.1,20.0,78.1
198,11,9.9,14.9,111.9
198,12,6.8,11.5,105.1
201,1,-4.0,3.1,48.6
201,2,-2.5,6.1,41.9
201,3,0.9,11.3,51.6
201,4,4.9,16.4,61.5
201,5,9.2,21.3,78.8
201,6,12.7,24.6,99.3
201,7,14.2,26.7,81.0
201,8,13.7,26.2,90.5
201,9,10.4,22.3,82.7
201,10,5.8,16.2,71.6
201,11,1.8,9.3,84.8
201,12,-1.9,4.4,63.8
205,1,5.8,15.7,65.0
205,2,6.0,16.3,50.1
205,3,7.8,20.1,27.2
205,4,10.9,24.3,22.5
205,5,15.2,29.6,38.0
205,6,20.0,34.3,15.0
205,7,22.7,37.5,3.5
205,8,22.7,37.5,0.8
205,9,19.5,33.6,15.9
205,10,15.9,28.8,25.8
205,11,10.6,22.6,22.9
205,12,7.3,17.8,55.4
206,1,9.4,17.7,91.5
206,2,9.4,17.6,73.8
206,3,10.3,19.5,28.9
206,4,12.7,21.7,17.2
206,5,15.5,24.8,6.2
206,6,19.2,28.2,1.6
206,7,21.6,30.6,0.0
206,8,22.2,31.0,0.0
206,9,20.4,29.4,5.8
206,10,17.8,26.8,21.4
206,11,13.8,23.1,42.6
206,12,11.0,19.6,86.5
207,1,-2.4,2.6,20.4
207,2,-1.8,4.4,18.7
207,3,1.5,9.1,25.7
207,4,5.1,15.1,23.6
207,5,9.7,20.3,53.2
207,6,12.7,22.8,56.9
207,7,14.5,25.3,64.4
207,8,14.2,25.1,60.4
207,9,10.5,19.9,34.5
207,10,6.4,14.2,23.6
207,11,2.1,7.2,28.3
207,12,-1.1,3.4,25.3
208,1,-4.3,1.1,23.1
208,2,-3.3,3.6,23.4
208,3,0.2,8.7,29.7
208,4,4.5,15.1,28.9
208,5,9.3,20.1,61.2
208,6,12.1,23.0,72.2
208,7,14.0,25.6,69.0
208,8,13.8,25.4,55.7
208,9,10.0,20.0,47.9
208,10,5.7,13.8,31.1
208,11,1.1,6.9,34.0
208,12,-2.9,2.0,31.9
213,1,-3.1,2.0,28.5
213,2,-2.9,4.0,24.0
213,3,0.7,8.7,33.3
213,4,3.9,14.6,34.6
213,5,8.7,20.1,57.4
213,6,11.5,22.7,67.8
213,7,13.5,25.1,71.6
213,8,13.1,24.8,71.2
213,9,9.3,19.3,40.4
213,10,5.3,13.2,35.8
213,11,1.2,6.4,35.1
213,12,-1.8,2.6,32.5
216,1,-2.0,2.0,36.0
216,2,-2.0,2.0,24.0
216,3,-1.0,5.0,34.0
216,4,2.0,10.0,35.0
216,5,7.0,15.0,40.0
216,6,11.0,19.0,45.0
216,7,13.0,20.0,57.0
216,8,13.0,20.0,55.0
216,9,10.0,17.0,53.0
216,10,7.0,12.0,47.0
216,11,3.0,7.0,52.0
216,12,-1.0,4.0,47.0
227,1,9.8,21.2,82.5
227,2,10.1,21.0,111.0
227,3,10.1,20.8,146.6
227,4,10.2,20.9,171.2
227,5,10.1,21.0,105.5
227,6,9.8,21.1,39.5
227,7,9.4,21.5,21.5
227,8,9.6,22.2,27.7
227,9,9.4,22.3,68.9
227,10,9.5,21.8,114.9
227,11,9.6,21.3,108.5
227,12,9.7,21.3,100.4
229,1,11.2,22.0,58.1
229,2,11.4,21.2,85.4
229,3,11.3,21.4,112.8
229,4,11.4,20.9,123.3
229,5,10.9,20.9,85.5
229,6,10.0,19.8,46.9
229,7,9.0,18.6,27.9
229,8,9.5,19.7,19.8
229,9,10.1,20.3,49.7
229,10,10.7,21.6,90.8
229,11,10.2,22.2,86.2
229,12,11.1,22.0,89.8
230,1,23.0,31.2,200.7
230,2,23.4,31.2,332.0
230,3,23.7,32.2,315.7
230,4,23.5,32.0,207.2
230,5,22.6,31.2,62.6
230,6,21.5,29.8,34.0
230,7,20.8,29.1,15.6
230,8,20.7,29.7,1.2
230,9,20.5,30.5,1.5
230,10,20.9,30.2,5.6
230,11,21.3,31.1,29.1
230,12,22.4,31.8,68.0
234,1,9.7,19.0,4.8
234,2,10.3,20.3,4.1
234,3,12.3,23.4,5.7
234,4,15.4,28.2,1.1
234,5,18.4,31.9,0.4
234,6,21.4,34.6,0.0
234,7,22.9,34.8,0.0
234,8,23.3,34.5,0.0
234,9,21.7,33.1,0.1
234,10,19.0,29.7,0.4
234,11,14.6,24.7,3.7
234,12,11.0,20.4,4.5
235,1,9.3,18.3,52.9
235,2,9.3,18.6,40.2
235,3,11.2,20.6,13.1
235,4,15.3,24.0,2.6
235,5,17.1,26.3,1.0
235,6,21.0,28.7,0.0
235,7,23.4,29.9,0.0
235,8,23.9,30.4,0.0
235,9,21.9,29.8,0.5
235,10,18.6,27.4,7.8
235,11,14.2,23.7,27.8
235,12,10.5,20.1,46.7
236,1,8.8,22.9,0.1
236,2,11.0,24.8,0.0
236,3,14.9,29.4,0.1
236,4,19.9,35.2,0.2
236,5,23.1,39.0,0.1
236,6,26.1,41.2,0.0
236,7,26.2,41.4,0.0
236,8,26.0,41.2,0.0
236,9,25.0,39.5,0.0
236,10,20.8,35.7,0.6
236,11,15.6,29.0,0.0
236,12,11.3,24.2,0.1
239,1,5.9,23.0,1.6
239,2,7.8,25.1,0.1
239,3,11.8,29.5,0.4
239,4,16.9,35.3,0.3
239,5,21.2,39.0,0.8
239,6,23.5,41.3,0.0
239,7,24.7,41.4,0.0
239,8,24.4,41.0,0.0
239,9,22.2,39.3,0.4
239,10,18.4,35.3,1.0
239,11,12.3,29.0,0.5
239,12,7.8,24.3,0.1
241,1,-6.6,-1.4,51.2
241,2,-7.5,-1.8,33.9
241,3,-4.3,2.0,34.9
241,4,0.1,8.2,36.4
241,5,5.0,14.9,36.6
241,6,9.7,19.1,60.7
241,7,12.1,21.2,76.8
241,8,11.6,19.9,82.8
241,9,7.2,14.5,74.6
241,10,3.3,9.1,75.8
241,11,-1.2,3.3,69.2
241,12,-4.6,0.3,60.5
244,1,-7.7,-2.5,40.1
244,2,-8.4,-2.4,31.6
244,3,-4.5,2.3,31.8
244,4,0.7,9.7,32.5
244,5,5.7,16.6,52.6
244,6,9.7,20.3,69.3
244,7,11.9,21.9,75.6
244,8,11.2,20.6,80.3
244,9,6.9,14.8,66.6
244,10,2.9,8.8,59.7
244,11,-1.8,2.4,52.0
244,12,-5.8,-1.0,45.4
245,1,8.0,24.0,13.0
245,2,9.0,24.0,30.0
245,3,10.0,25.0,58.0
245,4,11.0,24.0,82.0
245,5,11.0,25.0,84.0
245,6,10.0,23.0,138.0
245,7,10.0,21.0,280.0
245,8,10.0,21.0,290.0
245,9,10.0,22.0,149.0
245,10,9.0,23.0,27.0
245,11,7.0,23.0,7.0
245,12,7.0,23.0,7.0
249,1,-8.5,-2.6,43.9
249,2,-9.3,-2.9,34.0
249,3,-5.6,1.1,35.3
249,4,-0.7,7.5,35.7
249,5,4.4,15.5,35.1
249,6,9.3,19.8,49.2
249,7,11.8,21.8,68.8
249,8,10.7,19.9,77.7
249,9,6.1,14.0,69.4
249,10,2.2,8.1,74.5
249,11,-2.4,2.5,69.2
249,12,-6.6,-0.8,57.0
254,1,-15.1,-8.5,42.1
254,2,-14.1,-8.1,33.6
254,3,-9.4,-2.8,35.6
254,4,-4.5,2.7,30.9
254,5,1.8,10.2,35.9
254,6,8.1,16.8,59.1
254,7,11.0,19.4,69.1
254,8,8.6,16.1,71.7
254,9,3.8,10.0,54.0
254,10,-2.0,2.6,54.6
254,11,-8.7,-3.5,48.6
254,12,-13.3,-6.9,41.7
256,1,-10.0,-3.6,38.1
256,2,-11.0,-3.6,25.5
256,3,-6.7,1.1,31.2
256,4,-1.8,7.0,32.5
256,5,3.6,15.2,35.5
256,6,8.6,19.6,58.0
256,7,11.2,21.5,72.4
256,8,10.1,19.4,75.4
256,9,5.6,13.2,60.6
256,10,1.4,7.2,56.5
256,11,-3.2,1.5,49.9
256,12,-7.9,-1.9,39.8
257,1,-7.5,-1.9,54.9
257,2,-8.5,-2.2,39.7
257,3,-5.0,1.7,43.0
257,4,-0.6,7.9,36.6
257,5,4.5,15.4,35.2
257,6,9.6,19.9,51.9
257,7,12.2,21.7,75.8
257,8,11.2,20.1,78.7
257,9,6.7,14.3,68.1
257,10,2.7,8.5,73.5
257,11,-1.8,3.1,74.4
257,12,-5.8,-0.3,66.3
258,1,2.5,6.9,53.7
258,2,2.8,8.2,43.7
258,3,5.1,11.8,48.5
258,4,6.8,14.7,53.0
258,5,10.5,19.0,65.0
258,6,13.3,21.8,54.6
258,7,15.5,24.4,63.1
258,8,15.4,24.6,43.0
258,9,12.5,20.8,54.7
258,10,9.2,15.8,59.7
258,11,5.3,10.4,51.9
258,12,3.6,7.8,58.7
259,1,4.1,13.6,61.8
259,2,4.2,13.9,56.4
259,3,5.4,15.2,57.2
259,4,7.3,17.3,63.8
259,5,11.0,21.1,38.8
259,6,14.1,24.6,23.2
259,7,16.7,27.7,9.7
259,8,17.2,28.3,20.2
259,9,14.8,25.6,53.7
259,10,11.7,21.8,92.0
259,11,7.7,17.4,94.9
259,12,5.2,14.7,67.6
260,1,2.8,10.0,92.0
260,2,3.4,11.7,82.6
260,3,4.6,14.5,70.0
260,4,6.6,16.5,80.0
260,5,10.3,20.5,83.8
260,6,13.0,23.5,63.8
260,7,15.1,26.4,54.5
260,8,15.2,26.6,59.5
260,9,12.5,23.7,90.3
260,10,9.5,18.8,94.0
260,11,5.5,13.4,106.8
260,12,3.8,10.7,106.7
267,1,1.0,5.7,57.0
267,2,1.0,6.7,43.6
267,3,3.1,10.1,57.5
267,4,4.7,13.1,50.4
267,5,8.4,17.5,62.5
267,6,11.0,20.0,68.1
267,7,13.1,22.7,61.2
267,8,12.9,23.1,52.8
267,9,10.7,19.4,63.6
267,10,7.4,14.7,66.8
267,11,3.8,9.3,71.5
267,12,2.1,6.6,68.1
268,1,0.1,6.2,52.9
268,2,1.2,8.4,50.5
268,3,3.3,12.4,54.8
268,4,5.6,15.3,72.3
268,5,9.9,20.0,87.8
268,6,13.1,23.5,80.2
268,7,15.6,27.0,62.0
268,8,15.3,26.7,69.0
268,9,11.9,22.3,88.3
268,10,8.4,16.7,94.7
268,11,3.6,10.2,75.1
268,12,1.5,7.1,55.5
269,1,3.0,11.2,53.6
269,2,3.9,12.6,43.5
269,3,6.0,15.3,40.4
269,4,8.5,17.7,57.9
269,5,12.6,22.2,41.2
269,6,16.0,26.1,25.4
269,7,18.7,29.5,12.6
269,8,18.7,29.2,31.4
269,9,15.5,25.3,60.6
269,10,11.6,20.3,85.4
269,11,6.8,14.7,50.6
269,12,4.1,12.0,52.0
272,1,2.8,8.7,86.0
272,2,3.0,9.9,74.9
272,3,4.4,12.7,59.3
272,4,6.0,14.9,58.0
272,5,9.5,18.7,62.8
272,6,12.0,21.9,41.3
272,7,14.2,24.7,46.6
272,8,14.0,24.8,40.8
272,9,11.8,21.8,68.2
272,10,8.9,17.0,82.8
272,11,5.2,12.2,84.8
272,12,3.7,9.5,92.7
277,1,-1.0,4.2,30.0
277,2,-0.7,6.2,35.0
277,3,2.2,11.1,36.1
277,4,4.6,14.9,42.5
277,5,9.0,19.6,78.2
277,6,12.1,22.4,76.7
277,7,13.9,25.1,66.2
277,8,13.6,25.0,57.9
277,9,10.3,20.7,62.1
277,10,6.6,14.6,52.5
277,11,2.3,8.3,49.8
277,12,0.3,5.3,44.5
278,1,2.2,9.4,51.7
278,2,3.2,11.2,51.3
278,3,4.5,14.0,53.8
278,4,6.5,16.2,66.8
278,5,10.3,20.5,77.2
278,6,13.3,24.2,64.4
278,7,15.7,27.6,45.4
278,8,15.9,27.5,50.5
278,9,12.9,24.2,52.2
278,10,9.6,18.9,52.3
278,11,5.2,13.0,50.7
278,12,3.3,10.1,52.2
281,1,,,18.9
281,2,,,25.8
281,3,,,30.3
281,4,,,50.5
281,5,,,77.6
281,6,,,76.0
281,7,,,44.9
281,8,,,47.5
281,9,,,35.6
281,10,,,37.5
281,11,,,29.9
281,12,,,21.0
283,1,-1.9,2.9,42.3
283,2,-1.5,4.2,33.3
283,3,1.3,8.5,40.5
283,4,4.2,13.2,37.1
283,5,9.0,18.9,53.8
283,6,12.3,21.6,68.7
283,7,14.3,23.7,55.5
283,8,14.1,23.6,58.2
283,9,10.6,18.8,45.1
283,10,6.4,13.4,37.3
283,11,2.2,7.1,43.6
283,12,-0.4,4.4,55.3
287,1,-1.1,3.9,55.1
287,2,-1.1,4.8,35.6
287,3,1.3,8.7,51.2
287,4,3.4,12.8,40.8
287,5,7.4,18.0,54.2
287,6,10.3,20.2,73.4
287,7,12.4,22.4,65.0
287,8,12.1,22.6,61.2
287,9,9.3,18.4,60.1
287,10,5.8,13.5,55.4
287,11,2.3,8.0,57.7
287,12,0.3,5.1,61.6
288,1,-0.7,5.2,60.4
288,2,-0.9,6.6,46.6
288,3,1.7,10.5,62.5
288,4,3.6,14.2,50.5
288,5,7.7,19.0,72.4
288,6,10.7,21.3,87.6
288,7,12.8,23.7,86.0
288,8,12.3,23.7,65.3
288,9,9.6,19.6,69.3
288,10,6.2,14.6,61.7
288,11,2.5,9.0,63.2
288,12,0.6,6.2,70.7
289,1,-2.2,2.7,44.3
289,2,-1.8,4.1,34.9
289,3,1.3,8.4,43.1
289,4,3.9,12.9,47.3
289,5,8.6,18.7,60.0
289,6,11.8,21.3,68.5
289,7,13.7,23.6,82.0
289,8,13.6,23.7,77.9
289,9,10.4,18.8,49.6
289,10,6.4,13.5,44.5
289,11,1.9,6.9,53.5
289,12,-0.6,4.0,56.9
291,1,-1.3,4.0,42.5
291,2,-1.2,5.6,37.1
291,3,1.9,10.4,47.6
291,4,4.1,14.5,42.8
291,5,8.4,19.5,60.2
291,6,11.7,22.3,60.6
291,7,13.7,24.8,64.9
291,8,13.4,24.8,52.9
291,9,10.1,20.1,50.0
291,10,6.0,14.0,54.6
291,11,2.1,7.7,51.8
291,12,0.0,5.0,55.7
292,1,-1.4,3.5,64.4
292,2,-1.2,4.4,42.4
292,3,1.1,8.0,62.9
292,4,3.3,12.3,45.6
292,5,7.4,17.5,53.7
292,6,10.5,19.9,76.9
292,7,12.7,22.1,74.7
292,8,12.5,22.2,73.0
292,9,9.6,17.9,68.4
292,10,6.0,13.0,63.6
292,11,2.4,7.5,69.4
292,12,0.0,4.6,77.7
293,1,-1.3,3.8,52.5
293,2,-1.4,4.7,36.1
293,3,1.1,8.7,51.8
293,4,3.2,13.0,43.6
293,5,7.3,18.2,52.7
293,6,10.5,20.6,71.2
293,7,12.6,22.8,58.7
293,8,12.2,22.9,60.0
293,9,9.5,18.6,54.0
293,10,5.9,13.4,48.8
293,11,2.4,7.7,49.6
293,12,0.2,4.9,62.2
295,1,0.0,4.5,72.0
295,2,0.4,5.2,50.3
295,3,1.5,7.7,61.6
295,4,3.8,11.5,42.4
295,5,7.1,16.2,45.5
295,6,10.2,18.8,70.5
295,7,12.8,21.3,87.8
295,8,12.6,21.3,71.6
295,9,10.4,17.3,74.2
295,10,6.5,12.6,72.7
295,11,2.5,7.1,56.8
295,12,0.4,4.8,76.6
297,1,-1.9,3.2,30.9
297,2,-2.0,4.1,26.7
297,3,1.2,8.7,36.5
297,4,3.7,13.0,42.4
297,5,8.1,18.6,42.1
297,6,11.4,21.5,55.1
297,7,13.3,23.7,58.2
297,8,13.3,23.9,58.6
297,9,10.2,19.3,44.5
297,10,6.0,13.7,35.8
297,11,1.8,7.2,37.1
297,12,-0.7,4.0,38.9
299,1,-3.7,2.7,48.0
299,2,-3.2,4.3,45.2
299,3,0.1,9.0,57.7
299,4,2.8,12.5,69.9
299,5,7.2,18.0,93.4
299,6,10.4,20.5,127.6
299,7,12.6,23.1,131.6
299,8,12.3,23.0,110.5
299,9,8.9,18.8,86.3
299,10,4.7,13.2,65.4
299,11,0.2,6.9,71.0
299,12,-2.3,3.7,60.8
301,1,-1.3,4.0,33.5
301,2,-0.9,5.5,34.0
301,3,2.2,10.0,39.3
301,4,4.5,13.6,48.5
301,5,8.9,18.5,82.4
301,6,11.9,21.1,92.5
301,7,14.1,23.9,67.6
301,8,13.9,23.9,63.9
301,9,10.5,19.7,53.9
301,10,6.5,14.2,50.6
301,11,2.0,8.0,49.7
301,12,-0.1,4.9,48.6
303,1,24.1,32.4,9.5
303,2,25.0,33.1,14.2
303,3,25.1,33.0,55.3
303,4,25.1,32.7,82.5
303,5,24.4,31.6,148.0
303,6,23.6,29.7,175.5
303,7,23.1,28.4,65.2
303,8,22.7,28.3,22.2
303,9,23.1,29.5,47.1
303,10,23.5,31.0,64.2
303,11,24.2,32.0,32.0
303,12,24.3,32.1,25.4
305,1,5.2,12.5,56.9
305,2,5.4,13.5,46.7
305,3,6.7,15.7,40.7
305,4,9.6,20.2,30.8
305,5,13.9,26.0,22.7
305,6,18.2,31.1,10.6
305,7,20.8,33.5,5.8
305,8,20.7,33.2,6.0
305,9,17.3,29.2,13.9
305,10,13.4,23.3,52.6
305,11,9.8,18.1,58.3
305,12,6.8,14.1,69.1
313,1,9.0,15.3,90.1
313,2,8.9,15.5,67.6
313,3,9.7,16.7,58.2
313,4,11.8,20.0,28.5
313,5,15.0,23.5,14.2
313,6,19.1,27.3,3.5
313,7,21.6,28.7,1.0
313,8,21.8,28.5,0.6
313,9,19.3,26.4,17.7
313,10,16.5,23.4,64.9
313,11,13.4,20.0,59.0
313,12,10.8,17.0,77.9
317,1,8.5,14.3,109.7
317,2,8.5,14.3,110.0
317,3,9.5,15.9,75.7
317,4,11.4,18.2,60.4
317,5,14.7,22.5,17.9
317,6,18.1,26.4,10.8
317,7,20.2,28.6,5.3
317,8,20.9,29.3,9.8
317,9,19.0,26.8,38.5
317,10,16.0,23.0,100.2
317,11,12.6,18.7,149.5
317,12,9.9,15.6,132.2
326,1,8.8,15.1,149.6
326,2,8.8,15.2,105.7
326,3,10.1,16.8,75.6
326,4,12.5,20.0,27.8
326,5,15.8,24.2,18.6
326,6,19.9,28.4,2.3
326,7,22.3,30.5,0.4
326,8,22.7,30.7,0.2
326,9,20.5,28.2,5.8
326,10,16.9,24.5,65.5
326,11,13.2,20.1,94.1
326,12,10.4,16.6,157.4
327,1,6.9,13.4,133.1
327,2,6.5,13.2,104.7
327,3,7.9,15.6,87.9
327,4,10.5,19.5,43.2
327,5,14.3,24.6,19.5
327,6,18.6,29.7,1.8
327,7,22.2,32.5,0.5
327,8,22.1,32.2,0.7
327,9,18.8,28.6,16.9
327,10,15.0,23.3,32.8
327,11,10.7,17.8,103.9
327,12,8.5,14.9,164.0
332,1,1.3,9.3,36.8
332,2,2.2,10.9,38.0
332,3,4.5,14.2,40.6
332,4,7.5,19.0,37.5
332,5,12.1,24.5,44.4
332,6,16.3,29.2,29.6
332,7,18.6,31.5,23.9
332,8,18.3,31.1,20.4
332,9,14.9,27.2,27.4
332,10,10.8,21.2,40.8
332,11,6.8,15.4,54.4
332,12,3.0,11.0,54.9
334,1,2.8,11.1,49.0
334,2,3.4,12.3,46.9
334,3,4.8,14.3,53.3
334,4,7.7,18.8,35.8
334,5,12.1,24.0,36.8
334,6,16.3,29.0,22.1
334,7,18.6,31.0,17.4
334,8,18.5,30.7,15.9
334,9,15.7,27.0,35.6
334,10,12.1,21.6,63.1
334,11,8.2,16.8,63.6
334,12,4.5,12.6,60.5
354,1,14.6,18.7,33.2
354,2,15.3,19.4,38.9
354,3,17.6,21.9,75.3
354,4,21.1,25.6,153.0
354,5,24.5,28.8,290.6
354,6,26.5,30.7,491.5
354,7,26.9,31.6,385.8
354,8,26.7,31.3,453.2
354,9,26.1,30.5,321.4
354,10,23.9,28.1,120.3
354,11,20.3,24.5,39.3
354,12,16.2,20.4,28.8
355,1,-3.0,2.6,30.5
355,2,-1.8,5.1,26.4
355,3,2.0,10.6,30.6
355,4,6.8,17.1,39.5
355,5,11.5,22.4,62.1
355,6,14.4,25.3,63.5
355,7,16.4,27.9,57.7
355,8,16.0,27.4,56.1
355,9,11.8,22.1,45.0
355,10,7.0,16.1,34.5
355,11,2.3,8.5,49.3
355,12,-1.7,3.2,39.3
358,1,-4.3,1.8,29.7
358,2,-3.4,4.3,31.0
358,3,0.8,10.6,30.2
358,4,5.7,17.1,52.8
358,5,10.9,22.5,64.0
358,6,13.7,25.2,66.5
358,7,15.4,27.5,66.1
358,8,14.9,27.3,49.0
358,9,10.7,22.3,47.5
358,10,5.9,16.5,37.9
358,11,1.3,8.9,41.6
358,12,-2.7,2.9,43.7
360,1,-2.9,2.9,33.8
360,2,-1.7,5.4,31.6
360,3,2.0,10.9,36.0
360,4,6.5,16.6,48.1
360,5,11.3,21.8,67.8
360,6,14.1,24.7,86.3
360,7,15.9,27.4,58.0
360,8,15.7,27.2,63.4
360,9,11.9,22.2,65.4
360,10,7.3,16.8,49.8
360,11,2.3,9.1,55.1
360,12,-1.5,3.8,47.5
364,1,-3.0,1.9,75.6
364,2,-2.1,2.8,71.8
364,3,-2.0,3.2,81.8
364,4,0.4,5.7,58.3
364,5,3.6,9.4,43.8
364,6,6.7,11.7,50.0
364,7,8.3,13.3,51.8
364,8,7.9,13.0,61.8
364,9,5.0,10.1,66.5
364,10,2.2,6.8,85.6
364,11,-1.3,3.4,72.5
364,12,-2.8,2.2,78.7
368,1,7.8,20.8,20.9
368,2,10.3,23.7,21.0
368,3,15.4,29.6,14.5
368,4,21.5,36.0,10.7
368,5,26.2,39.8,14.1
368,6,28.3,39.4,66.3
368,7,27.0,35.2,198.4
368,8,26.2,33.6,206.5
368,9,24.7,34.0,130.3
368,10,19.4,32.9,20.8
368,11,12.8,28.0,3.9
368,12,8.4,22.7,8.8
369,1,13.1,28.7,2.1
369,2,14.8,31.0,1.2
369,3,19.4,35.9,1.1
369,4,23.5,39.5,1.9
369,5,26.3,41.4,9.1
369,6,27.2,38.5,97.4
369,7,25.7,33.5,309.8
369,8,24.9,32.0,213.8
369,9,24.4,33.5,126.6
369,10,21.9,35.8,13.5
369,11,17.5,33.2,6.1
369,12,14.1,29.9,1.7
370,1,15.0,27.4,4.9
370,2,16.6,30.1,7.9
370,3,19.0,32.8,10.0
370,4,21.3,33.9,43.9
370,5,21.1,33.1,111.9
370,6,19.8,29.4,79.7
370,7,19.3,27.7,109.7
370,8,19.2,27.6,138.8
370,9,19.1,28.1,185.9
370,10,18.9,27.9,161.7
370,11,17.2,26.8,59.2
370,12,15.4,26.2,17.4
371,1,15.5,28.5,13.1
371,2,18.6,31.6,25.5
371,3,22.3,35.1,25.2
371,4,25.1,37.2,30.8
371,5,26.5,37.5,68.2
371,6,26.1,35.2,204.9
371,7,25.2,32.0,326.2
371,8,25.1,31.6,366.8
371,9,24.8,31.9,256.3
371,10,23.0,31.7,190.7
371,11,18.8,30.2,41.7
371,12,15.2,28.3,4.9
373,1,6.1,20.4,46.6
373,2,8.3,23.1,33.9
373,3,13.4,28.5,29.3
373,4,18.9,34.5,11.3
373,5,23.2,38.3,24.2
373,6,25.4,38.6,112.6
373,7,24.0,34.0,276.3
373,8,23.3,32.8,282.8
373,9,21.8,33.1,179.0
373,10,17.0,31.8,41.6
373,11,10.5,27.3,6.7
373,12,6.7,22.1,18.9
374,1,20.4,28.8,35.3
374,2,21.1,30.5,13.0
374,3,23.0,32.6,14.5
374,4,25.8,34.7,15.9
374,5,27.6,37.4,42.4
374,6,27.4,37.3,53.9
374,7,26.1,35.3,99.6
374,8,25.5,34.5,129.9
374,9,25.2,33.9,123.5
374,10,24.2,31.8,284.6
374,11,22.6,29.4,353.0
374,12,21.2,28.4,146.3
378,1,15.2,28.8,13.2
378,2,17.6,31.9,7.9
378,3,20.8,35.4,15.3
378,4,24.3,37.9,20.2
378,5,26.2,39.0,35.7
378,6,24.0,34.5,103.8
378,7,22.6,30.8,169.9
378,8,22.1,29.8,178.7
378,9,22.0,30.5,158.3
378,10,20.3,30.6,97.2
378,11,16.9,29.0,22.4
378,12,14.5,28.0,5.9
379,1,9.9,26.5,7.7
379,2,11.5,29.3,2.5
379,3,16.2,34.2,2.4
379,4,21.0,38.4,2.4
379,5,24.5,40.2,10.6
379,6,24.3,36.3,131.9
379,7,22.7,30.3,283.7
379,8,22.0,28.5,276.9
379,9,21.0,30.3,183.1
379,10,18.0,32.2,40.1
379,11,13.6,29.6,13.3
379,12,10.5,27.1,6.3
380,1,8.2,22.4,7.5
380,2,10.9,25.4,10.2
380,3,16.0,31.3,4.5
380,4,21.6,37.0,8.3
380,5,25.7,40.3,16.7
380,6,27.5,39.5,54.7
380,7,25.8,34.2,214.0
380,8,24.5,32.3,213.6
380,9,23.2,33.5,69.4
380,10,19.0,33.5,23.3
380,11,13.4,29.1,4.2
380,12,9.2,24.4,3.0
381,1,8.5,23.0,15.4
381,2,11.0,26.0,16.4
381,3,16.2,32.3,7.9
381,4,21.9,38.2,5.3
381,5,26.4,41.3,8.4
381,6,28.5,39.9,66.3
381,7,26.7,34.2,244.6
381,8,25.9,32.5,273.2
381,9,24.9,33.1,161.7
381,10,19.6,33.0,40.0
381,11,12.7,28.9,4.6
381,12,8.8,24.2,7.1
383,1,6.2,19.7,30.6
383,2,8.4,22.4,34.1
383,3,13.1,28.3,28.7
383,4,18.8,35.2,14.9
383,5,23.9,40.2,14.7
383,6,27.1,40.7,52.0
383,7,26.7,35.9,200.2
383,8,25.9,34.4,174.3
383,9,23.7,34.7,108.4
383,10,17.6,33.3,19.8
383,11,10.6,27.7,5.4
383,12,6.6,21.9,15.6
385,1,16.7,30.7,15.1
385,2,17.7,31.2,1.0
385,3,20.8,32.7,0.1
385,4,23.8,33.0,0.5
385,5,26.4,33.3,20.6
385,6,26.2,32.1,504.2
385,7,25.1,30.0,819.4
385,8,24.8,29.6,546.8
385,9,24.3,30.3,325.2
385,10,23.4,33.1,81.1
385,11,20.8,33.5,113.2
385,12,18.3,32.1,4.1
387,1,1.9,8.6,57.9
387,2,2.7,9.7,64.2
387,3,6.5,13.9,62.1
387,4,10.9,18.9,46.1
387,5,14.4,22.7,62.8
387,6,15.8,23.7,161.1
387,7,15.3,20.9,419.0
387,8,14.9,19.8,385.9
387,9,13.5,19.6,206.5
387,10,10.7,17.9,38.5
387,11,7.0,14.1,12.0
387,12,4.1,11.1,23.2
388,1,-2.3,5.0,62.2
388,2,-0.8,7.6,71.4
388,3,3.4,13.5,101.1
388,4,7.4,19.3,90.7
388,5,10.9,24.2,68.2
388,6,14.5,28.9,36.3
388,7,18.2,30.3,54.3
388,8,17.7,29.7,64.6
388,9,12.5,27.6,35.4
388,10,5.6,22.1,30.9
388,11,0.3,15.4,19.7
388,12,-2.0,8.5,41.4
394,1,24.2,29.9,384.7
394,2,24.3,30.3,309.8
394,3,25.2,31.5,100.3
394,4,25.1,32.5,257.8
394,5,25.4,32.5,133.4
394,6,24.8,31.4,83.1
394,7,25.1,32.3,30.8
394,8,24.9,32.0,34.2
394,9,25.5,33.0,29.0
394,10,25.5,32.7,33.1
394,11,24.9,31.3,175.0
394,12,24.9,32.0,84.0
395,1,22.1,32.3,280.0
395,2,21.8,32.2,223.0
395,3,22.9,31.6,162.0
395,4,22.8,31.5,108.0
395,5,22.8,30.2,94.0
395,6,22.2,29.4,44.0
395,7,22.3,28.5,29.0
395,8,22.4,28.9,19.0
395,9,21.9,29.9,33.0
395,10,22.3,31.4,110.0
395,11,22.6,32.5,165.0
395,12,24.0,33.1,247.0
398,1,24.1,31.8,327.0
398,2,24.2,31.5,275.0
398,3,24.0,31.6,283.0
398,4,24.8,31.4,181.0
398,5,24.1,31.6,159.0
398,6,23.5,31.2,101.0
398,7,23.0,31.3,22.0
398,8,22.5,30.1,15.0
398,9,22.9,32.7,17.0
398,10,23.7,33.4,47.0
398,11,24.1,33.1,105.0
398,12,23.8,31.9,219.0
401,1,-1.1,7.2,37.2
401,2,0.7,9.9,34.0
401,3,5.2,15.4,37.4
401,4,10.9,21.9,27.8
401,5,16.1,28.0,15.2
401,6,20.9,34.1,2.9
401,7,24.0,36.8,2.5
401,8,23.0,35.4,1.4
401,9,19.2,31.5,0.9
401,10,12.9,24.0,13.7
401,11,6.7,16.5,20.6
401,12,1.3,9.8,36.3
403,1,2.4,8.1,62.6
403,2,2.3,8.3,48.8
403,3,3.4,12.1,52.6
403,4,4.6,12.1,54.1
403,5,6.9,14.8,59.5
403,6,9.6,17.6,66.7
403,7,11.7,19.5,56.2
403,8,11.5,19.2,73.3
403,9,9.8,17.0,59.5
403,10,7.3,13.6,79.0
403,11,4.5,10.3,72.9
403,12,2.8,8.3,72.7
405,1,3.0,8.2,131.4
405,2,3.0,8.3,97.8
405,3,4.0,9.8,97.6
405,4,4.9,11.8,76.5
405,5,7.4,14.4,82.3
405,6,9.9,17.0,80.9
405,7,11.8,18.7,78.8
405,8,11.8,18.6,96.8
405,9,10.2,16.5,94.6
405,10,7.7,13.2,138.2
405,11,5.2,10.3,120.0
405,12,3.7,8.5,133.1
408,1,3.0,8.7,126.6
408,2,3.0,9.1,93.4
408,3,4.3,10.8,103.3
408,4,5.5,13.0,76.1
408,5,7.9,15.8,79.2
408,6,10.6,17.8,86.1
408,7,12.4,19.4,83.8
408,8,12.3,19.1,109.2
408,9,10.4,17.3,106.7
408,10,7.7,14.1,137.9
408,11,5.1,11.0,127.3
408,12,3.2,8.9,132.5
415,1,10.4,21.3,3.8
415,2,11.8,23.0,2.6
415,3,14.6,26.4,2.7
415,4,18.4,31.0,1.7
415,5,22.5,35.7,1.0
415,6,25.2,38.9,0.0
415,7,27.3,40.4,0.0
415,8,27.4,40.0,0.0
415,9,25.2,37.3,0.0
415,10,21.8,33.1,3.7
415,11,16.3,27.7,1.9
415,12,11.9,23.0,5.1
416,1,9.5,15.5,151.0
416,2,9.8,16.0,111.7
416,3,11.4,18.6,60.4
416,4,13.8,21.9,20.0
416,5,17.0,24.9,3.6
416,6,20.3,26.9,0.1
416,7,22.6,28.5,0.1
416,8,23.1,28.8,0.0
416,9,21.7,27.8,1.7
416,10,19.1,25.8,31.5
416,11,15.2,22.0,86.7
416,12,11.5,17.5,143.9
417,1,6.9,12.8,131.6
417,2,7.1,13.8,131.2
417,3,9.2,17.0,75.5
417,4,12.1,21.5,18.8
417,5,16.0,25.9,6.5
417,6,18.2,28.4,0.3
417,7,20.2,30.0,0.0
417,8,20.0,29.9,0.0
417,9,18.7,28.4,0.6
417,10,16.8,25.3,14.0
417,11,12.8,19.9,54.8
417,12,9.0,15.2,103.5
419,1,10.4,18.1,106.9
419,2,10.1,19.3,90.2
419,3,12.0,23.1,55.5
419,4,15.1,27.8,17.6
419,5,19.1,33.2,3.9
419,6,22.5,36.5,0.1
419,7,25.0,38.0,0.0
419,8,25.2,38.0,0.0
419,9,23.3,35.9,0.6
419,10,20.8,31.6,17.4
419,11,16.3,25.7,51.9
419,12,12.1,20.0,93.0
420,1,3.1,11.9,66.9
420,2,3.5,13.0,73.3
420,3,5.2,15.2,57.8
420,4,7.5,17.7,80.5
420,5,11.6,22.8,52.8
420,6,15.3,26.9,34.0
420,7,18.0,30.3,19.2
420,8,18.3,30.6,36.8
420,9,15.2,26.5,73.3
420,10,11.3,21.4,113.3
420,11,6.9,15.9,115.4
420,12,4.2,12.6,81.0
422,1,4.9,12.6,53.7
422,2,4.8,12.9,64.2
422,3,6.3,15.0,42.0
422,4,8.6,18.0,40.5
422,5,12.9,22.8,34.9
422,6,16.7,26.8,23.3
422,7,19.3,29.2,25.4
422,8,19.4,29.2,30.4
422,9,16.3,25.9,59.7
422,10,12.6,21.5,61.5
422,11,8.6,16.8,72.7
422,12,6.2,13.9,54.3
425,1,-0.5,6.0,34.0
425,2,0.9,9.0,44.3
425,3,4.1,14.2,54.2
425,4,7.4,17.7,74.2
425,5,12.0,23.0,58.0
425,6,15.7,27.1,57.3
425,7,18.5,30.4,40.5
425,8,18.4,29.8,52.5
425,9,14.8,25.4,67.5
425,10,10.1,18.6,72.3
425,11,4.3,11.1,68.0
425,12,0.4,6.8,48.5
428,1,5.5,14.3,49.7
428,2,5.8,14.8,53.3
428,3,7.1,16.5,40.4
428,4,8.9,18.6,39.7
428,5,12.4,22.9,26.1
428,6,16.2,27.3,11.9
428,7,18.9,30.4,4.1
428,8,19.6,30.8,7.5
428,9,17.1,27.4,34.9
428,10,13.7,23.1,52.6
428,11,9.3,18.3,58.4
428,12,6.6,15.4,48.9
430,1,5.4,15.5,64.2
430,2,5.4,16.1,43.7
430,3,6.3,18.0,31.6
430,4,8.2,20.6,24.7
430,5,12.0,25.2,21.7
430,6,16.4,30.0,8.7
430,7,19.0,33.1,5.7
430,8,19.9,33.3,13.1
430,9,17.6,29.8,31.4
430,10,13.9,24.9,62.7
430,11,9.6,20.1,66.0
430,12,6.6,16.5,73.0
436,1,5.5,11.5,101.8
436,2,6.0,12.2,74.0
436,3,8.2,14.6,81.7
436,4,10.5,16.8,88.0
436,5,14.2,20.5,72.4
436,6,17.6,23.9,58.2
436,7,20.9,27.3,24.2
436,8,21.0,27.7,69.3
436,9,17.9,24.4,136.4
436,10,13.8,20.0,171.3
436,11,9.2,15.1,108.8
436,12,6.5,12.5,93.1
443,1,-0.9,5.9,58.7
443,2,0.3,9.0,49.2
443,3,3.8,14.3,65.0
443,4,7.0,17.4,75.5
443,5,11.6,22.3,95.5
443,6,15.4,26.2,66.7
443,7,18.0,29.2,66.8
443,8,17.6,28.5,88.8
443,9,14.0,24.4,93.1
443,10,9.0,17.8,122.4
443,11,3.7,10.7,76.7
443,12,0.1,6.4,61.7
444,1,4.4,13.0,92.1
444,2,4.5,13.5,95.3
444,3,6.3,15.7,77.9
444,4,8.4,18.1,98.6
444,5,12.6,23.0,59.0
444,6,16.2,26.7,32.8
444,7,18.8,29.9,28.5
444,8,19.1,30.3,35.5
444,9,16.0,26.6,88.9
444,10,12.1,22.1,135.5
444,11,7.8,17.1,152.1
444,12,5.6,14.1,112.0
445,1,8.9,14.7,97.5
445,2,8.5,14.5,109.9
445,3,9.6,16.4,78.2
445,4,11.4,18.7,65.1
445,5,15.3,23.3,36.2
445,6,19.2,27.2,17.9
445,7,21.7,29.8,6.7
445,8,22.7,30.5,31.8
445,9,20.1,27.5,65.3
445,10,16.7,23.5,105.6
445,11,12.9,19.0,117.5
445,12,10.2,15.8,123.7
447,1,2.2,11.4,63.4
447,2,2.5,12.6,57.5
447,3,4.4,15.2,59.8
447,4,7.2,17.8,89.1
447,5,10.7,22.2,61.5
447,6,14.1,26.0,47.8
447,7,16.7,29.4,25.4
447,8,17.2,29.5,49.4
447,9,14.3,25.7,101.5
447,10,10.7,20.9,140.3
447,11,6.1,15.3,123.5
447,12,3.4,11.8,74.4
459,1,-2.5,6.6,47.8
459,2,-0.7,9.1,47.1
459,3,2.7,13.4,72.5
459,4,5.7,16.6,113.3
459,5,10.4,20.7,145.3
459,6,14.0,24.8,104.3
459,7,16.9,27.9,70.5
459,8,16.5,27.1,76.1
459,9,12.7,23.0,83.8
459,10,7.4,17.3,106.1
459,11,1.9,11.1,69.1
459,12,-1.6,7.6,45.1
464,1,-1.2,6.1,50.9
464,2,0.1,8.9,43.3
464,3,3.4,13.4,48.7
464,4,6.8,17.2,70.4
464,5,11.7,22.7,74.2
464,6,15.4,26.3,87.2
464,7,18.0,29.2,62.6
464,8,17.8,28.8,81.7
464,9,13.7,24.4,76.2
464,10,8.7,18.0,91.0
464,11,3.2,11.0,64.8
464,12,-0.4,6.7,52.5
466,1,21.1,30.3,18.0
466,2,21.0,30.2,19.0
466,3,21.6,30.7,20.0
466,4,22.6,31.1,39.0
466,5,23.6,31.6,100.0
466,6,24.2,32.1,74.0
466,7,24.3,32.8,42.0
466,8,24.2,32.7,98.0
466,9,24.0,32.1,114.0
466,10,23.4,31.7,177.0
466,11,22.8,31.2,65.0
466,12,21.8,30.6,47.0
469,1,20.7,27.9,85.0
469,2,20.4,28.2,69.0
469,3,20.9,28.8,27.0
469,4,21.9,29.5,53.0
469,5,22.6,30.2,100.0
469,6,23.1,30.9,122.0
469,7,23.5,31.3,53.0
469,8,23.6,31.4,95.0
469,9,23.1,31.1,127.0
469,10,23.1,30.4,166.0
469,11,22.8,29.7,110.0
469,12,21.9,28.4,103.0
472,1,1.2,9.8,59.7
472,2,2.1,10.9,56.5
472,3,5.0,14.2,116.0
472,4,9.8,19.4,133.7
472,5,14.6,23.6,139.7
472,6,18.5,26.1,167.8
472,7,22.4,29.9,156.2
472,8,23.5,31.3,154.7
472,9,20.3,27.5,224.9
472,10,14.8,22.0,234.8
472,11,8.8,16.7,96.3
472,12,3.8,12.0,57.9
488,1,1.1,9.3,50.8
488,2,1.4,10.5,64.7
488,3,4.6,14.5,116.2
488,4,9.7,20.1,127.5
488,5,14.9,24.6,150.3
488,6,19.4,27.6,186.5
488,7,23.5,31.4,211.4
488,8,24.7,33.2,139.5
488,9,21.0,29.1,231.6
488,10,14.8,23.3,164.7
488,11,8.6,17.3,79.1
488,12,3.4,11.7,56.6
493,1,3.0,9.7,47.0
493,2,3.2,10.5,60.5
493,3,6.0,14.2,103.1
493,4,10.9,19.9,101.9
493,5,16.0,24.9,136.5
493,6,20.3,28.0,185.1
493,7,24.6,31.8,174.4
493,8,25.8,33.7,113.0
493,9,21.9,29.5,152.8
493,10,16.0,23.7,136.0
493,11,10.2,17.8,72.5
493,12,5.3,12.3,55.5
495,1,-6.4,-0.4,108.4
495,2,-6.2,0.4,91.9
495,3,-2.4,4.5,77.6
495,4,3.4,11.7,54.6
495,5,9.0,17.9,55.5
495,6,13.4,21.8,60.4
495,7,17.9,25.4,90.7
495,8,19.1,26.4,126.8
495,9,14.8,22.8,142.2
495,10,8.0,16.4,109.9
495,11,1.6,8.7,113.8
495,12,-4.0,2.0,114.5
496,1,-1.3,5.6,42.3
496,2,-1.1,6.5,33.9
496,3,1.4,10.0,74.4
496,4,6.3,15.5,90.2
496,5,11.7,20.2,110.2
496,6,16.1,23.1,143.7
496,7,20.2,26.6,178.4
496,8,21.6,28.2,157.8
496,9,18.0,25.0,192.6
496,10,11.9,19.8,150.6
496,11,5.6,14.1,58.7
496,12,0.9,8.3,44.1
503,1,3.6,12.3,63.4
503,2,4.2,13.7,61.7
503,3,6.1,17.2,43.1
503,4,9.5,22.6,13.7
503,5,13.5,27.8,3.3
503,6,16.6,30.8,0.0
503,7,18.5,32.0,0.0
503,8,18.6,32.4,0.0
503,9,16.6,30.7,0.3
503,10,13.8,27.1,6.6
503,11,9.3,20.4,28.0
503,12,5.2,14.4,49.2
504,1,8.9,20.5,4.9
504,2,10.1,22.2,5.2
504,3,12.9,25.7,4.6
504,4,17.0,30.7,3.4
504,5,20.7,35.1,1.0
504,6,23.6,38.4,0.0
504,7,25.1,39.4,0.0
504,8,25.3,39.1,0.0
504,9,23.3,36.4,0.0
504,10,19.9,32.7,1.8
504,11,14.9,27.0,3.0
504,12,10.3,21.8,7.7
506,1,-22.0,-12.6,17.0
506,2,-21.8,-11.3,15.0
506,3,-15.6,-5.0,15.0
506,4,-2.4,9.3,22.0
506,5,5.8,19.6,33.0
506,6,11.2,25.3,33.0
506,7,13.4,27.0,53.0
506,8,10.9,24.3,35.0
506,9,5.1,18.6,24.0
506,10,-2.1,8.5,30.0
506,11,-11.2,-3.0,21.0
506,12,-18.9,-9.7,20.0
507,1,11.5,24.5,64.1
507,2,11.6,25.6,56.5
507,3,13.1,25.6,92.8
507,4,14.0,24.1,219.4
507,5,13.2,22.6,176.6
507,6,11.0,21.5,35.0
507,7,10.1,20.6,17.5
507,8,10.2,21.4,23.5
507,9,10.5,23.7,28.3
507,10,12.5,24.7,55.3
507,11,13.1,23.1,154.2
507,12,12.6,23.4,101.0
511,1,23.2,32.0,33.0
511,2,23.6,32.3,15.0
511,3,24.2,32.6,56.0
511,4,23.9,31.2,163.0
511,5,22.7,29.3,240.0
511,6,21.3,28.4,80.0
511,7,20.4,27.7,70.0
511,8,20.3,27.9,66.0
511,9,20.8,28.8,72.0
511,10,22.0,29.6,97.0
511,11,23.1,30.6,92.0
511,12,23.3,31.6,75.0
514,1,16.4,28.4,7.5
514,2,18.5,30.3,13.0
514,3,21.5,33.0,33.7
514,4,23.8,34.3,84.9
514,5,24.6,33.0,245.8
514,6,24.9,31.9,279.8
514,7,24.7,31.3,272.3
514,8,24.6,30.8,334.6
514,9,24.1,30.9,297.3
514,10,22.9,30.8,78.0
514,11,19.3,29.8,11.1
514,12,16.7,28.1,2.5
515,1,14.2,27.7,13.5
515,2,15.1,30.9,16.1
515,3,17.9,33.5,33.7
515,4,21.3,34.6,94.1
515,5,23.4,33.8,149.2
515,6,24.3,32.5,177.3
515,7,24.0,31.6,223.8
515,8,23.6,31.4,226.5
515,9,22.9,31.7,165.8
515,10,21.0,30.9,107.0
515,11,17.9,28.8,28.2
515,12,14.4,26.5,13.0
518,1,-7.8,-2.3,34.0
518,2,-7.6,-1.7,27.0
518,3,-4.7,2.7,28.0
518,4,1.0,9.8,41.0
518,5,5.9,16.2,44.0
518,6,10.0,20.1,63.0
518,7,12.3,21.7,85.0
518,8,11.8,21.0,73.0
518,9,8.0,16.3,75.0
518,10,4.0,10.4,60.0
518,11,-0.5,3.9,57.0
518,12,-4.4,0.3,46.0
521,1,,,190.9
521,2,,,133.4
521,3,,,110.8
521,4,,,46.3
521,5,,,15.0
521,6,,,1.5
521,7,,,0.3
521,8,,,0.4
521,9,,,2.3
521,10,,,60.2
521,11,,,100.6
521,12,,,163.8
523,1,14.8,28.7,121.7
523,2,14.6,27.6,92.1
523,3,12.5,25.7,86.2
523,4,8.6,22.9,46.9
523,5,3.7,19.7,26.1
523,6,0.2,16.7,12.1
523,7,-0.5,16.9,5.7
523,8,2.4,19.7,18.2
523,9,6.9,23.3,16.1
523,10,10.1,24.8,62.2
523,11,11.9,26.3,73.2
523,12,13.4,27.9,81.0
525,1,-6.4,-1.6,48.0
525,2,-6.5,-0.9,37.0
525,3,-3.1,4.0,42.0
525,4,2.3,12.2,43.0
525,5,7.6,18.4,57.0
525,6,10.8,21.0,73.0
525,7,13.1,23.3,89.0
525,8,12.3,22.5,75.0
525,9,8.1,16.8,66.0
525,10,3.8,10.4,55.0
525,11,-0.8,3.5,47.0
525,12,-5.0,-0.6,53.0
526,1,-5.8,-1.0,46.0
526,2,-5.8,-0.3,32.0
526,3,-2.6,4.3,40.0
526,4,2.5,12.3,37.0
526,5,7.5,18.5,54.0
526,6,10.6,20.9,73.0
526,7,13.0,23.5,78.0
526,8,12.3,22.7,75.0
526,9,8.3,17.1,53.0
526,10,4.1,10.8,55.0
526,11,-0.2,4.1,48.0
526,12,-4.3,0.1,46.0
528,1,-1.6,3.1,76.6
528,2,-1.3,4.7,62.5
528,3,1.6,9.1,69.1
528,4,4.4,13.3,58.2
528,5,8.4,17.8,78.5
528,6,11.1,20.7,79.9
528,7,13.3,23.2,71.0
528,8,13.0,22.8,75.4
528,9,10.0,18.4,76.3
528,10,6.3,13.1,86.8
528,11,2.2,7.3,76.0
528,12,-0.5,3.9,86.7
529,1,12.2,17.7,32.4
529,2,13.1,17.7,58.8
529,3,16.2,20.7,82.5
529,4,20.2,24.5,217.4
529,5,23.6,28.1,361.9
529,6,25.7,30.3,339.7
529,7,26.3,31.5,289.8
529,8,26.0,31.2,351.6
529,9,24.9,30.0,194.1
529,10,22.3,27.4,116.9
529,11,17.8,23.4,42.6
529,12,13.8,19.6,35.2
530,1,17.3,26.4,325.5
530,2,17.4,26.3,254.5
530,3,17.0,26.2,159.5
530,4,15.8,25.4,49.8
530,5,13.8,23.7,16.0
530,6,11.5,21.4,4.0
530,7,10.5,20.5,6.5
530,8,10.9,21.4,7.6
530,9,12.1,23.7,9.4
530,10,14.1,25.7,41.8
530,11,15.7,26.9,112.2
530,12,16.9,26.8,211.7
534,1,22.5,32.1,169.5
534,2,22.8,32.9,165.4
534,3,23.2,33.2,240.9
534,4,23.7,33.1,259.2
534,5,23.9,32.9,204.4
534,6,23.6,32.7,125.3
534,7,23.2,32.3,127.2
534,8,23.1,32.3,155.7
534,9,23.2,32.1,192.8
534,10,23.2,32.1,253.1
534,11,23.2,31.6,287.8
534,12,22.9,31.5,245.7
535,1,21.9,31.0,162.6
535,2,22.0,32.0,139.8
535,3,22.4,32.5,203.4
535,4,22.9,32.8,232.8
535,5,23.1,32.5,215.3
535,6,22.9,32.1,148.1
535,7,22.4,31.5,177.0
535,8,22.4,31.5,185.9
535,9,22.4,31.5,190.8
535,10,22.6,31.8,217.7
535,11,22.7,31.3,237.6
535,12,22.4,30.6,244.5
536,1,22.9,30.4,104.8
536,2,23.0,30.7,73.4
536,3,23.4,31.5,50.5
536,4,24.1,32.2,114.2
536,5,24.3,32.1,216.2
536,6,24.0,31.8,279.4
536,7,23.7,31.5,262.7
536,8,23.7,31.6,270.3
536,9,23.7,31.4,285.2
536,10,23.6,31.2,345.8
536,11,23.5,31.0,302.4
536,12,23.3,30.9,242.3
540,1,23.7,29.3,398.2
540,2,23.6,29.6,303.8
540,3,23.8,30.6,152.9
540,4,24.0,31.7,114.1
540,5,24.1,32.6,125.0
540,6,23.9,32.4,195.1
540,7,23.5,32.3,202.3
540,8,23.5,32.5,223.6
540,9,23.4,32.1,225.1
540,10,23.5,31.6,284.0
540,11,23.6,30.8,334.7
540,12,23.7,29.9,458.6
542,1,25.7,30.3,114.2
542,2,25.9,30.7,38.1
542,3,26.4,31.4,73.9
542,4,26.8,31.6,122.5
542,5,26.3,31.2,218.9
542,6,26.0,30.6,167.3
542,7,25.8,30.5,149.9
542,8,25.5,30.4,175.5
542,9,25.3,30.2,199.0
542,10,25.4,30.2,194.2
542,11,25.2,30.1,231.1
542,12,25.4,30.1,216.8
543,1,17.0,33.4,0.6
543,2,19.9,36.4,0.7
543,3,22.9,38.5,2.1
543,4,25.2,39.6,19.7
543,5,25.4,38.5,54.1
543,6,23.6,35.3,132.1
543,7,22.2,32.1,224.1
543,8,21.8,31.1,290.2
543,9,21.6,32.2,195.9
543,10,21.3,34.6,66.1
543,11,18.4,35.3,5.2
543,12,16.8,33.4,0.5
549,1,20.6,27.9,136.4
549,2,20.7,28.7,45.7
549,3,21.5,29.9,52.7
549,4,23.4,31.5,37.9
549,5,24.4,32.7,88.0
549,6,25.2,33.0,137.5
549,7,25.2,33.4,57.0
549,8,24.8,33.6,109.5
549,9,24.7,32.7,224.6
549,10,23.8,31.0,221.1
549,11,22.7,29.6,131.6
549,12,21.2,28.2,95.7
555,1,10.2,24.7,19.9
555,2,11.0,26.5,4.5
555,3,13.0,29.2,3.9
555,4,15.1,31.0,6.8
555,5,17.2,32.4,18.8
555,6,17.8,30.6,184.9
555,7,16.8,27.4,273.8
555,8,16.7,27.3,219.7
555,9,16.8,27.2,166.0
555,10,15.4,27.3,50.6
555,11,12.8,26.6,15.3
555,12,11.2,25.0,8.0
558,1,15.8,24.0,16.8
558,2,15.2,23.9,4.2
558,3,15.8,24.2,1.9
558,4,17.6,25.8,3.5
558,5,20.6,28.0,0.1
558,6,24.4,30.2,31.1
558,7,25.2,31.1,188.8
558,8,25.1,31.3,191.8
558,9,24.9,31.0,227.1
558,10,23.7,30.3,81.5
558,11,19.9,27.5,12.7
558,12,17.2,25.0,18.5
559,1,17.0,31.3,38.2
559,2,17.1,31.8,31.8
559,3,18.2,34.1,25.0
559,4,19.6,35.3,25.4
559,5,21.3,36.1,71.9
559,6,21.0,35.0,143.1
559,7,20.8,34.8,171.1
559,8,20.8,34.7,138.7
559,9,21.1,34.1,173.7
559,10,20.5,32.9,122.8
559,11,19.3,31.9,61.2
559,12,17.3,30.9,47.5
563,1,16.7,28.8,33.8
563,2,16.3,29.0,5.3
563,3,16.9,29.2,2.0
563,4,17.2,29.9,1.5
563,5,20.2,31.0,15.4
563,6,22.8,32.3,187.6
563,7,22.9,33.3,328.1
563,8,23.0,33.7,312.4
563,9,22.9,33.6,370.0
563,10,22.2,33.6,93.8
563,11,19.7,32.3,19.8
563,12,18.0,29.9,22.5
566,1,18.4,24.6,24.124
566,2,18.6,24.9,16.0
566,3,20.6,26.5,14.5
566,4,23.0,28.6,17.4
566,5,24.6,30.2,48.2
566,6,24.6,30.7,298.3
566,7,23.8,30.7,419.9
566,8,24.1,31.2,323.1
566,9,23.8,30.7,358.6
566,10,22.9,29.6,152.9
566,11,21.0,27.4,59.6
566,12,19.1,25.4,24.4
569,1,-26.1,-15.5,2.6
569,2,-22.3,-9.6,2.6
569,3,-13.6,-0.6,4.1
569,4,-4.4,9.7,7.5
569,5,3.2,17.9,19.8
569,6,9.5,22.7,48.7
569,7,12.7,24.6,67.8
569,8,10.5,22.4,71.7
569,9,3.5,16.8,27.8
569,10,-4.8,7.7,8.3
569,11,-15.7,-4.8,5.0
569,12,-23.1,-13.5,3.7
571,1,1.4,9.5,192.0
571,2,3.1,11.3,167.0
571,3,5.8,15.1,159.0
571,4,9.1,19.1,144.0
571,5,13.5,24.3,89.0
571,6,17.3,28.2,63.0
571,7,20.3,31.8,38.0
571,8,20.2,31.7,66.0
571,9,16.5,27.3,121.0
571,10,11.6,21.7,166.0
571,11,6.8,15.4,239.0
571,12,2.9,11.1,217.0
575,1,5.9,19.1,25.0
575,2,7.6,20.7,25.7
575,3,10.3,23.6,35.3
575,4,12.4,25.7,26.3
575,5,15.2,29.4,10.3
575,6,17.9,33.6,3.1
575,7,20.6,37.7,2.2
575,8,21.1,37.4,4.7
575,9,18.6,32.5,15.2
575,10,15.7,28.5,19.1
575,11,10.7,23.1,29.8
575,12,7.3,20.2,24.2
590,1,22.3,29.9,171.1
590,2,22.3,29.6,130.5
590,3,21.5,29.3,105.6
590,4,19.4,27.8,56.5
590,5,16.8,26.4,31.9
590,6,14.4,24.6,17.6
590,7,14.2,24.4,19.6
590,8,15.4,25.3,15.0
590,9,17.2,26.1,44.4
590,10,18.3,26.5,54.7
590,11,19.7,27.4,81.7
590,12,21.4,29.1,85.0
591,1,17.9,32.2,5.0
591,2,19.3,34.5,2.0
591,3,21.6,36.0,7.0
591,4,24.3,37.0,15.0
591,5,25.0,33.4,303.0
591,6,24.5,30.2,547.0
591,7,24.1,29.7,559.0
591,8,24.1,29.6,602.0
591,9,24.2,30.4,368.0
591,10,24.2,31.5,206.0
591,11,22.4,32.0,60.0
591,12,19.0,31.5,7.0
593,1,13.3,28.6,4.0
593,2,14.9,32.1,3.0
593,3,19.7,35.8,1.0
593,4,24.4,38.4,40.0
593,5,25.8,36.8,138.0
593,6,25.8,34.2,116.0
593,7,25.8,34.3,83.0
593,8,25.2,32.3,136.0
593,9,24.9,33.1,150.0
593,10,23.5,32.2,125.0
593,11,19.4,30.2,38.0
593,12,14.8,28.2,6.0
595,1,17.7,30.3,85.6
595,2,17.0,28.7,91.4
595,3,15.9,27.4,69.6
595,4,12.9,25.8,35.1
595,5,9.8,23.4,5.9
595,6,6.9,20.7,1.5
595,7,6.9,21.2,0.1
595,8,8.9,23.8,1.1
595,9,12.4,27.5,4.4
595,10,14.7,29.3,13.1
595,11,16.2,30.2,29.3
595,12,17.2,31.4,30.7
596,1,2.1,18.0,14.2
596,2,3.8,20.2,16.7
596,3,7.5,24.3,31.2
596,4,11.3,27.4,54.4
596,5,15.5,28.2,114.2
596,6,19.0,28.3,256.4
596,7,20.0,27.7,359.6
596,8,19.7,28.0,314.2
596,9,18.2,27.2,183.1
596,10,13.0,25.8,59.4
596,11,7.4,22.7,7.5
596,12,3.0,19.4,14.2
599,1,7.1,19.7,23.1
599,2,9.2,22.2,34.6
599,3,12.8,26.7,60.0
599,4,15.7,29.8,127.6
599,5,18.4,30.1,359.2
599,6,20.9,30.6,669.0
599,7,22.0,30.0,940.3
599,8,22.0,30.2,866.3
599,9,20.8,29.3,640.8
599,10,16.7,27.5,139.7
599,11,11.9,24.1,17.8
599,12,8.0,20.7,21.7
601,1,0.5,5.4,62.1
601,2,0.2,6.0,43.4
601,3,2.4,9.2,58.9
601,4,4.0,12.4,41.0
601,5,7.8,17.1,48.3
601,6,10.4,19.2,67.5
601,7,12.5,21.4,65.8
601,8,12.3,21.8,61.4
601,9,10.2,18.4,82.1
601,10,7.0,14.1,85.1
601,11,3.9,9.2,89.0
601,12,1.9,6.5,74.9
610,1,14.7,21.2,58.4
610,2,14.8,21.3,61.4
610,3,13.5,19.8,67.2
610,4,11.5,17.4,68.3
610,5,9.7,15.2,85.8
610,6,7.9,13.1,100.5
610,7,6.9,12.3,113.0
610,8,7.4,12.9,92.7
610,9,8.8,14.5,74.9
610,10,10.0,15.8,95.0
610,11,11.4,17.5,74.8
610,12,13.5,19.6,64.7
613,1,16.0,23.6,66.1
613,2,16.5,24.1,71.3
613,3,14.9,22.6,75.1
613,4,12.7,20.0,85.0
613,5,10.6,17.4,109.6
613,6,8.4,15.2,107.7
613,7,7.5,14.3,133.1
613,8,8.2,14.9,110.8
613,9,9.7,16.4,90.5
613,10,11.2,17.7,93.9
613,11,12.8,19.5,71.7
613,12,14.9,21.8,86.6
614,1,11.9,22.6,35.9
614,2,11.6,21.9,43.0
614,3,9.6,20.3,45.8
614,4,6.5,17.4,44.2
614,5,3.7,14.3,57.7
614,6,1.1,11.7,57.6
614,7,0.6,10.9,64.7
614,8,2.0,12.4,62.1
614,9,3.9,14.8,40.8
614,10,6.0,16.9,48.9
614,11,8.0,18.9,46.3
614,12,10.5,21.1,46.8
616,1,11.6,18.9,72.9
616,2,11.5,18.5,67.8
616,3,10.2,17.3,64.0
616,4,8.2,15.3,50.9
616,5,5.9,12.7,64.9
616,6,4.0,10.6,57.9
616,7,3.1,10.0,57.1
616,8,4.2,11.2,55.7
616,9,5.9,13.2,48.3
616,10,7.1,14.7,61.7
616,11,8.6,16.1,56.4
616,12,10.4,17.3,80.2
618,1,13.0,20.4,39.0
618,2,13.0,20.0,51.9
618,3,11.8,18.7,59.2
618,4,9.9,16.2,55.5
618,5,8.1,14.2,56.6
618,6,6.2,12.0,75.0
618,7,5.3,10.9,91.9
618,8,5.9,11.7,66.9
618,9,7.0,13.7,56.8
618,10,8.2,15.3,63.1
618,11,9.7,17.0,58.6
618,12,11.7,19.1,46.9
621,1,13.7,23.9,67.3
621,2,13.9,23.5,60.8
621,3,12.2,22.1,50.0
621,4,9.4,19.3,79.1
621,5,7.1,16.8,75.7
621,6,4.8,14.5,89.7
621,7,4.6,13.6,111.7
621,8,4.9,14.5,54.4
621,9,6.5,16.6,48.6
621,10,8.5,18.6,71.0
621,11,10.2,20.4,55.9
621,12,12.8,22.7,59.0
622,1,13.2,22.4,76.9
622,2,13.2,22.6,63.5
622,3,11.3,21.0,70.8
622,4,8.3,18.1,80.9
622,5,5.5,15.6,82.0
622,6,2.7,13.1,91.6
622,7,1.9,12.5,77.6
622,8,3.4,13.4,81.9
622,9,5.7,15.0,85.1
622,10,7.8,16.9,87.2
622,11,9.8,18.9,78.3
622,12,12.0,20.7,83.6
625,1,9.7,21.7,63.9
625,2,9.3,21.5,48.1
625,3,7.3,18.7,52.7
625,4,4.2,15.1,56.0
625,5,2.0,11.5,70.1
625,6,-0.6,8.3,72.1
625,7,-1.6,7.7,49.2
625,8,0.1,9.9,68.7
625,9,2.3,12.9,66.8
625,10,4.3,15.3,65.6
625,11,6.2,17.6,67.6
625,12,8.4,19.8,76.4
627,1,11.4,22.7,77.8
627,2,11.6,22.7,68.8
627,3,9.6,20.4,65.0
627,4,6.8,17.2,67.7
627,5,4.8,14.1,74.6
627,6,3.1,11.7,92.8
627,7,2.1,11.0,96.0
627,8,2.6,11.8,87.4
627,9,4.4,13.9,81.6
627,10,6.4,15.8,86.2
627,11,7.9,18.3,67.9
627,12,10.4,20.7,94.3
628,1,15.1,23.9,78.4
628,2,15.5,24.0,86.2
628,3,13.8,22.5,97.2
628,4,11.3,20.0,120.5
628,5,9.3,17.3,110.3
628,6,6.9,15.1,114.5
628,7,6.1,14.5,128.7
628,8,6.7,15.0,110.3
628,9,8.3,16.6,84.5
628,10,10.1,18.1,89.1
628,11,11.7,20.1,74.3
628,12,13.9,22.2,94.8
637,1,-6.8,-1.8,49.0
637,2,-6.8,-0.9,36.0
637,3,-3.3,3.5,47.0
637,4,0.8,9.1,41.0
637,5,6.5,15.8,53.0
637,6,10.6,20.4,65.0
637,7,12.2,21.5,81.0
637,8,11.3,20.1,89.0
637,9,7.5,15.1,90.0
637,10,3.8,9.3,84.0
637,11,-1.5,3.2,73.0
637,12,-5.6,-0.5,55.0
639,1,-0.4,3.6,190.0
639,2,-0.5,4.0,152.0
639,3,0.9,5.9,170.0
639,4,3.0,9.1,114.0
639,5,7.2,14.0,106.0
639,6,10.2,16.8,132.0
639,7,11.5,17.6,148.0
639,8,11.6,17.4,190.0
639,9,9.1,14.2,283.0
639,10,6.6,11.2,271.0
639,11,2.8,6.9,259.0
639,12,0.6,4.7,235.0
646,1,16.7,25.1,13.2
646,2,17.8,26.4,14.0
646,3,20.3,29.5,16.4
646,4,24.2,34.7,11.3
646,5,28.7,39.6,0.0
646,6,30.3,40.0,10.9
646,7,30.1,38.0,3.4
646,8,28.2,35.6,1.6
646,9,26.8,35.6,0.0
646,10,24.2,34.6,0.8
646,11,20.8,30.3,1.6
646,12,18.3,26.8,16.5
647,1,3.2,17.9,56.2
647,2,6.0,19.8,83.7
647,3,10.7,24.5,92.0
647,4,15.8,30.5,63.5
647,5,20.7,36.0,35.4
647,6,23.8,38.4,75.4
647,7,24.4,35.3,311.1
647,8,23.8,33.7,337.5
647,9,21.1,33.7,109.2
647,10,14.5,30.9,31.7
647,11,8.3,25.9,14.5
647,12,4.3,20.2,36.4
649,1,11.5,26.3,8.5
649,2,14.0,28.4,7.5
649,3,18.6,32.2,5.4
649,4,23.0,34.8,3.1
649,5,26.6,35.5,0.2
649,6,28.3,35.4,11.0
649,7,27.6,33.3,60.1
649,8,26.3,32.1,61.0
649,9,25.7,33.2,11.3
649,10,21.9,35.5,2.6
649,11,16.8,32.5,0.5
649,12,12.7,28.2,4.8
650,1,7.4,19.2,23.3
650,2,10.4,22.3,35.3
650,3,15.3,27.3,36.0
650,4,20.6,34.2,21.6
650,5,25.0,38.8,22.4
650,6,27.4,39.4,55.1
650,7,27.1,35.8,190.9
650,8,26.9,34.9,179.4
650,9,25.1,34.8,60.4
650,10,19.4,32.4,15.3
650,11,13.3,27.5,6.9
650,12,8.6,21.9,10.0
651,1,18.5,33.4,29.3
651,2,18.4,34.2,10.1
651,3,18.4,34.8,13.1
651,4,19.5,35.4,64.7
651,5,21.1,34.5,225.1
651,6,21.3,33.8,235.0
651,7,21.0,33.9,168.5
651,8,20.9,33.9,219.9
651,9,21.0,32.9,253.9
651,10,20.8,32.6,330.7
651,11,20.3,32.9,252.3
651,12,19.2,33.3,104.6
652,1,20.4,30.8,123.9
652,2,20.2,30.7,266.1
652,3,20.5,31.0,83.8
652,4,21.4,31.4,369.1
652,5,22.2,31.9,178.3
652,6,22.2,32.0,259.0
652,7,21.7,31.5,420.1
652,8,21.8,31.8,440.7
652,9,22.0,31.9,311.2
652,10,22.0,31.7,150.5
652,11,21.8,31.6,291.7
652,12,20.6,31.0,563.6
654,1,18.8,34.5,33.3
654,2,19.3,35.6,19.3
654,3,19.9,36.3,35.5
654,4,21.1,36.3,102.5
654,5,21.6,33.8,297.0
654,6,21.5,32.5,322.6
654,7,21.2,32.7,289.8
654,8,20.9,32.4,340.3
654,9,21.1,32.0,406.6
654,10,21.1,31.7,400.5
654,11,20.7,31.9,295.4
654,12,19.3,33.1,77.4
658,1,22.8,33.5,147.2
658,2,22.3,32.6,129.2
658,3,21.3,31.6,117.9
658,4,18.6,28.4,166.0
658,5,15.7,25.0,113.3
658,6,13.8,23.1,82.4
658,7,13.1,23.2,39.4
658,8,14.3,24.8,72.6
658,9,15.9,26.4,87.7
658,10,18.6,29.2,130.8
658,11,20.1,30.7,164.4
658,12,21.8,32.3,150.3
660,1,6.6,18.9,145.3
660,2,6.5,18.8,133.7
660,3,6.2,19.1,107.0
660,4,4.9,19.7,43.2
660,5,2.5,19.8,8.7
660,6,0.3,19.5,1.5
660,7,0.1,19.1,4.0
660,8,1.6,19.8,8.6
660,9,3.9,19.8,21.8
660,10,5.5,20.9,39.4
660,11,6.1,20.7,71.9
660,12,6.4,19.4,122.7
661,1,8.6,21.5,28.0
661,2,8.8,21.0,35.6
661,3,8.5,21.4,21.3
661,4,6.9,21.7,0.7
661,5,6.3,21.8,0.2
661,6,5.5,21.3,0.0
661,7,5.5,21.4,0.0
661,8,5.5,21.9,1.8
661,9,6.4,22.3,1.4
661,10,6.6,22.6,0.2
661,11,6.6,22.5,1.1
661,12,7.7,22.1,4.3
662,1,6.9,21.5,83.9
662,2,6.7,21.1,96.4
662,3,6.9,20.9,110.3
662,4,6.2,21.3,80.3
662,5,4.5,21.6,34.6
662,6,3.4,21.4,7.0
662,7,3.1,21.4,6.3
662,8,3.6,21.8,11.3
662,9,5.0,21.7,32.8
662,10,6.2,21.6,81.9
662,11,5.7,21.9,73.2
662,12,5.9,22.0,72.6
666,1,19.1,25.8,0.9
666,2,19.4,26.5,0.3
666,3,19.2,26.0,4.9
666,4,17.6,24.3,0.0
666,5,16.1,21.7,0.1
666,6,15.3,19.7,0.3
666,7,15.0,18.7,0.3
666,8,14.6,18.4,0.3
666,9,14.6,18.7,5.4
666,10,15.2,19.9,0.2
666,11,16.4,21.9,0.0
666,12,17.7,23.9,0.3
669,1,23.5,29.5,19.0
669,2,23.8,30.5,7.9
669,3,24.9,32.1,11.1
669,4,26.2,33.5,21.4
669,5,26.7,33.2,165.2
669,6,26.2,32.2,265.0
669,7,25.8,31.1,419.6
669,8,25.5,30.6,486.1
669,9,25.5,30.9,330.3
669,10,25.5,30.9,270.9
669,11,24.9,30.7,129.3
669,12,23.9,29.7,75.4
675,1,-4.4,0.7,26.5
675,2,-3.9,2.1,26.1
675,3,-0.9,6.9,30.2
675,4,3.6,13.9,33.9
675,5,8.6,19.8,54.6
675,6,11.6,22.1,69.8
675,7,13.7,24.6,72.9
675,8,13.0,23.9,62.9
675,9,9.0,18.4,47.3
675,10,4.7,12.8,32.8
675,11,0.5,5.9,39.5
675,12,-3.1,1.6,35.0
676,1,-3.8,1.4,28.7
676,2,-3.1,2.3,22.5
676,3,-0.7,6.1,27.9
676,4,3.1,11.4,31.2
676,5,7.9,16.7,54.8
676,6,11.1,19.6,68.0
676,7,13.6,22.2,68.4
676,8,13.2,22.2,69.2
676,9,9.9,17.7,63.9
676,10,5.6,12.6,49.3
676,11,1.2,6.1,46.4
676,12,-2.2,2.5,38.8
678,1,-5.3,1.2,37.5
678,2,-4.2,3.0,29.7
678,3,-0.9,7.8,40.2
678,4,3.4,14.4,46.4
678,5,8.5,19.8,81.2
678,6,11.5,22.3,86.4
678,7,13.4,24.6,87.9
678,8,12.8,24.1,75.7
678,9,9.0,18.9,62.4
678,10,4.5,13.9,43.2
678,11,0.0,6.9,42.1
678,12,-3.8,2.1,38.8
681,1,-4.2,1.1,29.8
681,2,-3.6,2.6,26.3
681,3,-0.9,7.1,31.0
681,4,2.7,13.9,30.1
681,5,7.7,19.7,50.7
681,6,10.8,22.1,57.8
681,7,13.1,24.7,84.2
681,8,12.7,24.1,67.3
681,9,8.9,18.6,51.5
681,10,4.9,13.0,33.3
681,11,0.8,6.0,36.9
681,12,-2.7,2.1,38.5
684,1,8.2,14.5,109.6
684,2,9.0,15.6,110.8
684,3,9.9,17.6,68.9
684,4,11.1,19.1,64.0
684,5,13.0,21.7,38.6
684,6,15.6,24.8,21.2
684,7,17.4,27.4,4.8
684,8,17.7,27.9,5.7
684,9,17.0,26.4,25.7
684,10,14.6,22.4,80.3
684,11,11.2,17.8,113.5
684,12,8.9,14.8,107.6
686,1,4.1,13.4,192.7
686,2,5.1,14.5,161.0
686,3,6.1,16.9,102.3
686,4,7.3,17.9,122.5
686,5,9.7,20.4,118.5
686,6,12.5,24.6,62.2
686,7,14.3,27.5,24.1
686,8,13.7,27.5,29.8
686,9,12.5,25.4,79.0
686,10,9.9,20.7,166.8
686,11,7.0,16.6,175.4
686,12,5.7,14.3,231.4
687,1,4.6,14.6,112.2
687,2,5.9,15.9,105.6
687,3,6.9,18.3,65.5
687,4,8.4,19.3,84.8
687,5,10.8,21.6,79.5
687,6,13.5,25.3,39.8
687,7,15.0,28.1,12.8
687,8,14.4,28.5,14.4
687,9,13.4,26.9,51.7
687,10,10.9,22.4,102.6
687,11,7.7,18.0,109.4
687,12,6.3,15.4,126.8
694,1,13.1,19.1,102.7
694,2,12.8,19.1,87.2
694,3,13.0,19.5,63.6
694,4,13.4,19.6,38.9
694,5,14.6,20.9,18.9
694,6,16.5,22.3,11.9
694,7,18.0,24.3,2.5
694,8,18.9,25.6,3.1
694,9,18.9,25.7,36.7
694,10,17.6,24.2,75.0
694,11,15.6,22.0,100.8
694,12,13.9,20.0,99.9
698,1,11.6,17.0,133.4
698,2,11.0,16.8,107.3
698,3,11.6,17.3,100.4
698,4,12.1,18.1,72.0
698,5,13.3,19.7,53.1
698,6,15.4,21.8,36.7
698,7,17.2,24.3,29.5
698,8,18.4,25.6,38.4
698,9,17.8,24.7,86.4
698,10,15.9,22.1,112.6
698,11,13.9,19.6,130.5
698,12,12.6,17.9,126.8
701,1,4.7,15.1,106.2
701,2,6.3,16.3,82.3
701,3,7.3,18.7,47.1
701,4,9.0,19.8,62.9
701,5,11.2,22.4,51.3
701,6,13.8,26.2,17.0
701,7,15.8,29.3,5.2
701,8,16.0,29.5,3.6
701,9,14.5,27.3,24.8
701,10,11.9,22.9,81.1
701,11,8.7,18.7,105.5
701,12,6.6,16.0,128.9
704,1,2.2,11.6,155.7
704,2,3.5,13.2,133.6
704,3,4.6,15.9,74.8
704,4,6.0,17.1,105.2
704,5,8.5,20.2,95.9
704,6,11.5,25.4,46.1
704,7,13.5,29.2,19.2
704,8,13.0,29.2,17.9
704,9,11.7,25.9,57.0
704,10,8.5,19.8,133.2
704,11,5.3,15.0,135.9
704,12,3.8,12.4,195.4
709,1,12.8,21.7,13.2
709,2,13.7,23.0,17.1
709,3,16.7,26.8,16.1
709,4,20.6,31.9,8.7
709,5,25.0,38.2,3.6
709,6,27.7,41.2,0.0
709,7,29.1,41.5,0.0
709,8,28.9,40.7,0.0
709,9,26.5,38.6,0.0
709,10,23.4,35.2,1.1
709,11,19.5,29.5,3.3
709,12,15.0,24.1,12.1
711,1,-4.8,2.8,33.2
711,2,-4.0,5.5,33.3
711,3,0.1,11.4,39.2
711,4,4.9,18.0,48.8
711,5,9.6,24.0,56.4
711,6,13.6,27.7,79.1
711,7,15.4,29.8,64.3
711,8,14.9,29.8,51.3
711,9,10.5,24.6,53.3
711,10,5.4,17.9,47.4
711,11,0.6,9.8,43.0
711,12,-3.4,3.8,44.4
714,1,-5.7,0.5,25.7
714,2,-4.8,3.0,24.5
714,3,-0.6,9.5,31.0
714,4,4.3,15.8,50.9
714,5,8.9,21.2,66.9
714,6,12.0,23.8,90.5
714,7,13.7,25.9,85.7
714,8,13.2,25.8,65.9
714,9,9.2,20.9,48.5
714,10,4.4,15.2,37.2
714,11,-0.3,7.4,32.1
714,12,-4.2,1.6,35.5
716,1,-6.9,1.8,24.9
716,2,-5.9,4.5,25.0
716,3,-1.2,10.1,33.9
716,4,3.9,16.0,52.8
716,5,8.6,21.3,69.0
716,6,11.6,24.2,92.9
716,7,13.3,26.3,92.0
716,8,12.7,26.2,76.7
716,9,8.7,21.4,59.8
716,10,3.5,16.2,39.9
716,11,-1.2,9.1,31.3
716,12,-5.3,3.1,31.0
719,1,-12.3,-6.3,42.0
719,2,-11.1,-4.2,36.0
719,3,-5.6,1.5,34.0
719,4,1.7,10.4,44.0
719,5,7.6,18.4,51.0
719,6,11.5,21.7,75.0
719,7,13.5,23.1,94.0
719,8,12.0,21.5,77.0
719,9,7.1,15.4,65.0
719,10,2.1,8.2,59.0
719,11,-3.3,1.1,58.0
719,12,-8.6,-3.5,56.0
721,1,-14.5,-8.3,40.0
721,2,-12.6,-6.1,33.0
721,3,-6.8,-0.1,28.0
721,4,1.6,9.9,36.0
721,5,8.2,18.1,52.0
721,6,12.0,21.8,64.0
721,7,14.4,23.6,76.0
721,8,12.5,21.6,67.0
721,9,7.4,15.1,57.0
721,10,1.2,6.9,59.0
721,11,-4.9,-0.5,56.0
721,12,-10.8,-5.4,50.0
722,1,-10.7,-5.1,38.0
722,2,-9.7,-4.1,31.0
722,3,-5.2,1.1,35.0
722,4,0.6,8.1,33.0
722,5,6.5,15.6,38.0
722,6,11.4,20.1,58.0
722,7,13.9,21.9,80.0
722,8,12.8,20.0,81.0
722,9,8.1,14.5,69.0
722,10,3.4,8.2,67.0
722,11,-1.9,2.0,56.0
722,12,-7.1,-2.3,51.0
724,1,-16.3,-8.8,15.0
724,2,-13.7,-5.9,19.0
724,3,-5.6,1.7,25.0
724,4,1.3,9.1,54.0
724,5,6.4,14.7,61.0
724,6,10.6,17.0,100.0
724,7,15.4,21.0,124.0
724,8,17.4,23.0,153.0
724,9,12.5,19.1,126.0
724,10,5.2,12.4,66.0
724,11,-4.2,2.8,38.0
724,12,-12.5,-5.5,18.0
725,1,15.6,26.9,76.9
725,2,15.8,27.4,91.0
725,3,15.7,26.9,114.2
725,4,16.1,26.2,154.2
725,5,16.2,25.9,88.1
725,6,15.3,26.4,18.6
725,7,15.0,27.1,11.4
725,8,16.0,28.0,31.1
725,9,16.0,28.2,69.6
725,10,15.9,27.2,105.7
725,11,15.5,26.1,112.7
725,12,15.6,26.4,77.4
728,1,,,
728,2,,,
728,3,,,
728,4,,,
728,5,,,
728,6,,,
728,7,,,
728,8,,,
728,9,,,
728,10,,,
728,11,,,
728,12,,,
732,1,17.9,24.9,1.8
732,2,17.8,24.8,0.5
732,3,18.3,25.1,0.0
732,4,19.1,24.7,0.0
732,5,20.6,25.9,0.1
732,6,23.5,28.5,10.3
732,7,25.0,29.9,54.9
732,8,25.2,30.2,155.9
732,9,25.0,30.6,131.3
732,10,25.2,30.9,23.8
732,11,23.2,29.7,0.2
732,12,20.5,27.2,0.1
734,1,-2.3,3.5,49.0
734,2,-0.2,6.4,44.0
734,3,3.3,11.9,50.0
734,4,7.8,17.5,59.0
734,5,12.1,22.5,71.0
734,6,15.0,25.3,90.0
734,7,16.3,27.3,66.0
734,8,16.1,27.3,51.0
734,9,13.0,23.7,51.0
734,10,8.3,18.1,40.0
734,11,4.0,11.0,54.0
734,12,-0.2,5.3,58.0
736,1,-4.4,2.5,37.8
736,2,-2.3,5.7,34.8
736,3,1.2,11.5,40.7
736,4,5.8,17.2,46.8
736,5,10.6,22.2,56.9
736,6,13.6,25.2,82.5
736,7,14.7,27.2,61.6
736,8,14.2,27.2,55.3
736,9,11.2,23.7,35.9
736,10,6.3,18.0,34.8
736,11,2.2,10.3,45.9
736,12,-1.9,4.5,44.2
738,1,24.3,30.6,221.6
738,2,24.6,31.5,105.1
738,3,24.9,32.2,151.7
738,4,25.3,32.4,164.3
738,5,25.7,32.3,164.3
738,6,25.7,31.9,135.3
738,7,25.4,31.4,146.6
738,8,25.3,31.4,146.9
738,9,25.2,31.6,124.9
738,10,25.0,31.8,168.3
738,11,24.6,31.2,252.3
738,12,24.3,30.5,331.9
739,1,-2.8,3.1,37.4
739,2,-1.7,5.8,32.9
739,3,1.7,11.1,36.8
739,4,6.0,17.3,35.9
739,5,10.6,21.8,58.6
739,6,14.4,25.6,59.2
739,7,16.2,27.8,61.8
739,8,15.9,27.6,60.5
739,9,11.5,21.9,58.6
739,10,6.6,15.6,43.6
739,11,2.7,9.0,46.2
739,12,-1.5,3.7,42.7
741,1,-4.8,1.0,25.7
741,2,-3.5,3.7,26.8
741,3,0.0,9.9,23.6
741,4,5.0,16.5,42.4
741,5,9.6,21.2,69.4
741,6,13.2,24.8,87.5
741,7,14.8,26.6,93.5
741,8,14.6,26.8,66.5
741,9,10.1,21.2,50.1
741,10,5.3,14.8,51.1
741,11,1.2,8.1,40.2
741,12,-3.3,1.8,36.1
742,1,-2.7,3.0,71.0
742,2,-1.9,6.2,71.0
742,3,1.4,11.2,87.0
742,4,4.9,15.4,103.0
742,5,9.4,20.8,113.0
742,6,12.7,23.9,154.0
742,7,14.6,26.5,117.0
742,8,14.4,26.1,134.0
742,9,11.0,21.5,131.0
742,10,6.7,15.3,147.0
742,11,1.7,7.9,137.0
742,12,-1.7,3.4,103.0
745,1,-3.6,3.6,42.0
745,2,-2.1,6.4,47.0
745,3,1.3,11.2,64.0
745,4,5.2,15.4,73.0
745,5,9.8,20.6,91.0
745,6,13.0,23.6,119.0
745,7,14.9,25.7,115.0
745,8,14.7,25.4,122.0
745,9,10.9,21.2,103.0
745,10,6.2,15.5,100.0
745,11,1.1,8.6,91.0
745,12,-2.2,4.5,66.0
748,1,15.7,26.1,15.0
748,2,15.6,26.5,17.0
748,3,14.2,25.4,20.0
748,4,11.9,23.0,41.0
748,5,9.4,20.3,69.0
748,6,7.8,18.1,93.0
748,7,7.0,17.5,82.0
748,8,7.5,17.8,77.0
748,9,8.7,19.2,40.0
748,10,10.6,21.3,30.0
748,11,13.2,23.5,14.0
748,12,14.9,24.9,17.0
750,1,21.1,27.8,134.0
750,2,21.1,28.0,113.0
750,3,20.2,27.7,120.0
750,4,17.4,26.1,73.0
750,5,13.8,24.5,59.0
750,6,10.6,23.0,28.0
750,7,10.5,22.6,39.0
750,8,12.5,22.8,62.0
750,9,15.3,23.3,73.0
750,10,16.8,24.0,98.0
750,11,18.3,25.2,108.0
750,12,20.0,26.9,102.0
753,1,14.7,25.6,125.0
753,2,14.1,25.1,90.0
753,3,13.1,24.0,91.0
753,4,10.3,21.1,54.0
753,5,7.2,18.9,13.0
753,6,4.1,16.0,9.0
753,7,4.1,16.7,4.0
753,8,6.2,19.4,6.0
753,9,9.3,22.8,27.0
753,10,11.2,23.8,72.0
753,11,12.7,24.2,117.0
753,12,13.9,25.2,105.0
758,1,-5.5,2.1,16.8
758,2,-3.2,5.1,28.2
758,3,1.9,11.0,36.9
758,4,8.0,17.9,72.9
758,5,13.5,23.6,103.6
758,6,18.7,27.6,129.5
758,7,22.3,29.0,414.4
758,8,22.9,30.0,348.2
758,9,17.7,26.2,141.5
758,10,10.6,20.2,52.2
758,11,3.5,11.9,51.1
758,12,-3.4,4.2,22.6
759,1,-0.1,8.2,34.5
759,2,1.5,10.2,49.6
759,3,5.3,13.8,89.7
759,4,10.1,18.2,140.9
759,5,14.6,22.0,155.9
759,6,18.3,24.6,188.4
759,7,22.1,27.5,326.8
759,8,23.7,29.5,266.5
759,9,19.8,26.4,160.6
759,10,14.5,22.5,79.6
759,11,8.3,16.6,50.4
759,12,2.0,10.4,33.8
760,1,3.7,8.6,67.5
760,2,4.0,9.9,57.2
760,3,6.6,13.3,90.6
760,4,10.8,18.0,89.7
760,5,15.0,22.1,95.6
760,6,19.1,24.9,171.2
760,7,23.7,29.3,210.2
760,8,24.8,30.1,272.3
760,9,20.9,26.1,227.8
760,10,15.7,21.6,95.1
760,11,10.4,16.4,69.5
760,12,5.6,11.0,55.6
763,1,2.7,9.8,32.8
763,2,3.7,12.0,34.5
763,3,6.2,16.3,25.0
763,4,7.7,18.2,45.3
763,5,11.3,22.2,50.5
763,6,16.1,28.2,20.9
763,7,19.0,32.1,11.7
763,8,18.8,31.3,9.6
763,9,15.4,26.4,22.4
763,10,10.7,19.4,59.5
763,11,6.2,13.5,57.7
763,12,3.6,10.0,51.1
765,1,4.7,13.6,37.7
765,2,5.4,14.3,37.0
765,3,7.4,16.1,35.5
765,4,9.4,18.0,40.4
765,5,12.8,21.1,47.3
765,6,16.8,24.9,29.6
765,7,19.8,28.0,20.7
765,8,20.2,28.5,62.0
765,9,17.4,25.8,81.0
765,10,13.5,22.1,91.0
765,11,8.6,17.3,58.8
765,12,5.7,14.3,40.5
767,1,5.1,13.5,121.5
767,2,5.1,14.3,85.7
767,3,6.4,16.5,89.8
767,4,7.6,17.6,106.7
767,5,10.6,20.8,78.3
767,6,13.4,23.4,59.5
767,7,15.4,25.4,50.5
767,8,15.7,26.0,76.5
767,9,13.8,24.6,73.2
767,10,11.4,21.4,111.1
767,11,8.1,16.6,147.4
767,12,6.0,14.0,120.0
768,1,7.6,16.1,45.3
768,2,8.4,16.9,38.2
768,3,10.1,18.8,33.4
768,4,12.0,20.7,26.7
768,5,15.1,23.6,26.6
768,6,18.9,27.6,7.4
768,7,21.4,30.6,1.6
768,8,22.1,30.8,10.9
768,9,20.0,27.8,44.8
768,10,16.3,24.0,52.3
768,11,11.9,19.6,53.6
768,12,8.9,16.9,29.5
769,1,4.5,13.2,83.3
769,2,4.7,13.6,79.9
769,3,6.5,15.3,73.3
769,4,7.8,15.9,87.5
769,5,10.7,18.0,68.7
769,6,13.9,20.4,51.3
769,7,16.1,22.5,41.5
769,8,16.4,23.2,55.6
769,9,14.1,21.8,65.1
769,10,11.2,19.1,103.9
769,11,7.5,15.6,122.6
769,12,5.4,13.7,102.9
772,1,1.7,10.0,28.5
772,2,2.1,12.1,23.2
772,3,4.3,16.1,26.0
772,4,6.0,18.0,45.6
772,5,9.5,22.2,47.0
772,6,13.1,27.2,43.7
772,7,15.4,30.4,30.2
772,8,15.5,30.1,20.8
772,9,12.7,26.0,25.7
772,10,9.0,20.3,36.8
772,11,5.0,13.9,39.5
772,12,2.6,10.3,37.6
774,1,7.7,14.5,41.6
774,2,7.5,14.7,44.8
774,3,8.8,16.6,30.1
774,4,10.5,18.7,34.7
774,5,13.8,22.4,30.1
774,6,17.5,26.6,9.8
774,7,20.4,29.8,3.3
774,8,21.1,30.1,18.5
774,9,18.6,26.9,53.6
774,10,15.8,23.2,64.5
774,11,11.7,18.4,69.4
774,12,9.1,15.5,55.5
775,1,5.0,16.7,24.3
775,2,6.1,18.2,25.7
775,3,8.0,21.0,27.6
775,4,10.0,23.2,25.9
775,5,13.5,26.5,26.4
775,6,17.7,31.0,17.7
775,7,20.5,34.0,2.6
775,8,21.1,34.0,9.0
775,9,18.3,30.5,28.8
775,10,14.2,25.7,35.7
775,11,9.4,20.4,31.8
775,12,6.1,17.3,26.2
776,1,3.8,15.2,37.0
776,2,4.0,15.4,32.0
776,3,5.2,17.5,26.4
776,4,7.4,19.9,34.3
776,5,11.3,23.7,31.8
776,6,15.4,28.1,11.9
776,7,18.3,31.2,5.2
776,8,18.9,31.3,17.2
776,9,16.5,27.9,50.0
776,10,13.1,23.9,62.4
776,11,8.3,19.0,55.0
776,12,5.4,16.1,48.1
777,1,1.5,9.4,59.5
777,2,1.7,11.2,49.8
777,3,3.8,14.8,52.5
777,4,5.5,16.7,75.1
777,5,8.7,21.1,60.4
777,6,12.1,25.5,46.1
777,7,14.3,28.6,32.9
777,8,14.7,28.6,38.0
777,9,12.1,24.8,43.8
777,10,9.0,19.6,68.1
777,11,5.0,13.3,75.0
777,12,2.3,10.0,72.1
778,1,0.4,9.8,31.4
778,2,0.9,12.4,26.0
778,3,2.9,16.0,22.3
778,4,4.8,17.3,40.6
778,5,8.0,21.3,49.4
778,6,12.0,27.4,26.7
778,7,14.3,31.2,10.3
778,8,14.0,30.9,10.2
778,9,11.4,26.5,34.3
778,10,7.7,20.0,49.8
778,11,3.7,14.0,42.3
778,12,1.5,10.4,42.7
779,1,5.8,13.6,106.2
779,2,5.7,13.8,92.2
779,3,7.0,15.6,87.9
779,4,8.3,16.6,102.2
779,5,11.1,19.1,78.0
779,6,13.9,21.6,58.2
779,7,16.0,23.6,52.4
779,8,16.4,24.2,73.4
779,9,14.4,22.8,83.1
779,10,11.8,20.3,119.8
779,11,8.7,16.3,157.1
779,12,6.7,14.2,118.4
780,1,0.3,8.3,38.0
780,2,1.0,10.2,33.8
780,3,3.0,13.8,29.7
780,4,4.3,15.2,48.0
780,5,7.8,19.4,62.0
780,6,11.9,25.7,39.4
780,7,14.5,29.7,15.9
780,8,14.4,29.3,19.6
780,9,11.6,24.6,26.4
780,10,7.8,18.2,54.2
780,11,3.6,12.2,49.8
780,12,1.4,9.1,47.1
781,1,5.9,16.0,65.7
781,2,7.2,18.1,49.9
781,3,9.5,21.9,35.8
781,4,11.3,23.4,54.0
781,5,14.4,27.2,30.5
781,6,18.4,32.2,9.9
781,7,20.6,36.0,2.4
781,8,20.7,35.5,5.3
781,9,18.5,31.7,26.9
781,10,14.7,26.0,68.3
781,11,10.3,20.2,91.1
781,12,7.6,16.6,99.0
782,1,1.3,11.6,25.3
782,2,2.5,14.0,25.2
782,3,5.0,18.1,23.4
782,4,7.1,19.8,40.6
782,5,11.0,24.2,43.5
782,6,15.9,30.6,23.4
782,7,18.8,34.6,6.6
782,8,18.6,34.0,9.0
782,9,14.9,29.0,18.1
782,10,10.1,22.2,46.7
782,11,5.3,15.8,38.0
782,12,2.5,11.7,42.8
783,1,7.1,16.4,37.1
783,2,7.8,17.1,35.9
783,3,9.6,19.3,33.4
783,4,11.5,20.8,37.9
783,5,14.6,23.4,39.2
783,6,18.6,27.1,22.3
783,7,21.5,29.7,7.8
783,8,21.9,30.2,20.2
783,9,19.1,27.9,69.6
783,10,15.2,24.3,77.0
783,11,10.8,19.8,46.6
783,12,8.1,17.0,48.0
784,1,5.4,11.8,208.4
784,2,5.8,13.3,162.4
784,3,7.3,15.7,141.0
784,4,8.2,16.6,156.7
784,5,10.4,18.8,126.7
784,6,13.2,22.5,61.6
784,7,14.8,24.4,44.0
784,8,15.0,24.7,44.7
784,9,13.8,22.8,101.9
784,10,11.2,18.8,230.9
784,11,8.2,14.8,249.8
784,12,6.3,12.4,262.2
785,1,2.7,10.6,21.0
785,2,3.3,13.2,21.5
785,3,5.8,17.4,19.1
785,4,7.9,19.8,39.3
785,5,11.8,24.3,43.6
785,6,15.8,29.6,26.4
785,7,18.3,32.7,17.3
785,8,18.3,32.0,16.6
785,9,15.2,27.4,29.5
785,10,11.0,21.6,36.4
785,11,6.3,14.9,29.8
785,12,3.2,10.8,21.4
786,1,22.3,30.9,58.2
786,2,22.6,31.2,72.7
786,3,23.7,31.7,128.0
786,4,24.6,31.8,245.6
786,5,25.5,31.1,392.4
786,6,25.5,30.4,184.9
786,7,25.2,30.0,121.9
786,8,25.1,30.0,119.5
786,9,24.8,30.2,245.4
786,10,24.0,30.0,365.4
786,11,23.2,30.1,414.4
786,12,22.8,30.3,175.3
787,1,14.9,24.9,253.2
787,2,14.5,24.5,224.6
787,3,13.4,24.1,151.6
787,4,11.0,22.6,87.9
787,5,7.9,21.4,33.8
787,6,4.7,19.3,19.4
787,7,4.6,19.8,20.1
787,8,6.6,21.3,35.1
787,9,9.5,23.2,69.4
787,10,11.3,22.8,141.9
787,11,12.9,22.5,197.8
787,12,14.2,23.7,206.9
788,1,-2.9,1.0,37.0
788,2,-3.2,1.2,29.4
788,3,-1.1,4.7,27.3
788,4,2.6,10.7,29.2
788,5,7.1,16.5,34.0
788,6,11.6,20.8,61.7
788,7,14.8,23.6,61.5
788,8,14.2,22.1,66.2
788,9,10.2,16.6,53.3
788,10,5.5,10.1,51.4
788,11,1.9,5.4,47.6
788,12,-1.2,2.5,47.8
789,1,-1.5,3.0,83.0
789,2,-1.6,3.2,61.0
789,3,-0.1,6.4,54.0
789,4,3.6,12.1,51.3
789,5,8.0,16.9,54.3
789,6,11.9,20.0,73.7
789,7,14.4,22.4,81.3
789,8,14.1,21.8,92.8
789,9,10.6,17.7,80.0
789,10,6.3,12.0,102.9
789,11,2.9,7.2,84.7
789,12,-0.1,4.2,93.0
792,1,-1.0,3.2,55.6
792,2,-0.9,3.5,42.4
792,3,0.3,6.6,40.9
792,4,3.5,12.3,33.6
792,5,7.6,17.1,41.1
792,6,11.3,20.2,64.0
792,7,13.7,22.7,62.0
792,8,13.7,22.3,72.8
792,9,10.6,18.0,55.9
792,10,6.7,12.5,64.5
792,11,3.4,7.6,59.5
792,12,0.5,4.5,65.8
799,1,-1.9,3.7,69.0
799,2,-0.9,5.9,70.0
799,3,0.8,9.8,68.0
799,4,4.1,13.9,56.0
799,5,8.0,18.4,66.0
799,6,11.3,22.2,77.0
799,7,13.3,25.3,58.0
799,8,13.0,24.4,68.0
799,9,10.3,20.8,70.0
799,10,6.6,14.9,66.0
799,11,2.1,8.4,79.0
799,12,-0.5,4.5,75.0
806,1,-2.8,2.0,67.0
806,2,-1.9,4.2,70.0
806,3,0.6,8.3,69.0
806,4,3.7,12.6,87.0
806,5,7.7,17.3,103.0
806,6,10.8,20.5,124.0
806,7,12.8,23.0,117.0
806,8,12.4,22.0,133.0
806,9,10.0,18.8,92.0
806,10,6.2,13.3,69.0
806,11,1.4,6.9,82.0
806,12,-1.7,2.9,73.0
813,1,23.3,32.1,9.63
813,2,23.2,32.8,4.75
813,3,23.2,32.0,16.9
813,4,23.6,30.3,40.9
813,5,22.9,29.4,29.31
813,6,21.8,29.0,7.13
813,7,21.0,28.6,3.94
813,8,20.0,29.1,4.43
813,9,19.7,30.1,3.88
813,10,20.6,30.9,9.84
813,11,21.9,30.8,22.1
813,12,22.9,31.4,19.52
815,1,23.5,31.8,76.3
815,2,23.3,32.4,54.9
815,3,22.8,32.1,138.1
815,4,22.4,30.7,254.2
815,5,21.3,29.8,197.8
815,6,19.2,29.3,42.9
815,7,18.2,28.9,25.6
815,8,18.1,29.4,24.1
815,9,18.4,30.3,22.8
815,10,19.7,30.9,69.3
815,11,21.3,31.4,125.9
815,12,22.8,31.6,117.8
819,1,21.0,32.0,9.0
819,2,23.3,32.7,30.0
819,3,24.9,33.7,29.0
819,4,26.1,34.9,65.0
819,5,25.6,34.0,220.0
819,6,25.4,33.1,149.0
819,7,25.0,32.7,155.0
819,8,24.9,32.5,197.0
819,9,24.6,32.3,344.0
819,10,24.3,32.0,242.0
819,11,23.1,31.6,48.0
819,12,20.8,31.3,10.0
823,1,14.2,29.4,7.7
823,2,15.6,32.2,9.2
823,3,19.0,34.9,19.2
823,4,22.4,36.1,54.1
823,5,23.7,34.0,153.0
823,6,23.9,32.6,117.3
823,7,23.8,31.8,153.2
823,8,23.6,31.3,224.6
823,9,23.1,31.5,200.2
823,10,22.1,31.3,118.1
823,11,19.2,29.8,51.3
823,12,15.3,28.3,18.3
824,1,12.2,28.2,11.2
824,2,13.1,31.1,12.2
824,3,16.5,33.8,23.6
824,4,20.3,34.9,93.3
824,5,22.3,33.1,208.7
824,6,23.3,32.0,186.5
824,7,23.2,31.0,316.6
824,8,23.0,30.8,367.7
824,9,22.4,30.8,279.8
824,10,20.7,30.1,131.6
824,11,17.1,28.4,56.1
824,12,13.0,26.7,17.5
837,1,24.1,29.0,137.8
837,2,25.0,29.5,57.8
837,3,25.6,30.7,77.8
837,4,26.1,32.1,76.6
837,5,25.8,32.6,146.5
837,6,25.5,32.2,112.7
837,7,25.1,32.0,122.8
837,8,25.1,31.9,118.7
837,9,24.8,31.6,116.8
837,10,24.4,30.5,290.2
837,11,24.1,29.5,489.6
837,12,23.9,29.1,209.1
841,1,17.9,30.9,5.9
841,2,20.5,33.6,17.8
841,3,22.8,35.8,37.1
841,4,24.5,36.6,63.5
841,5,24.7,35.1,140.5
841,6,24.8,34.4,108.3
841,7,24.3,33.9,113.7
841,8,24.2,33.2,146.2
841,9,23.7,32.2,221.6
841,10,22.9,30.9,143.4
841,11,20.5,29.7,27.3
841,12,17.6,29.1,2.8
843,1,23.0,30.7,13.7
843,2,24.3,31.0,12.0
843,3,25.4,31.8,52.5
843,4,26.4,32.9,61.6
843,5,26.5,32.4,154.6
843,6,26.5,31.6,104.9
843,7,26.0,31.3,87.0
843,8,26.0,31.1,98.6
843,9,25.1,31.0,217.1
843,10,24.2,30.6,242.6
843,11,23.4,30.4,82.8
843,12,22.2,29.9,6.4
847,1,19.6,32.4,7.9
847,2,19.6,32.7,55.6
847,3,22.4,33.8,29.6
847,4,25.1,37.3,44.8
847,5,24.3,33.2,289.4
847,6,24.9,33.0,190.2
847,7,24.5,32.8,101.3
847,8,24.3,32.8,223.8
847,9,23.5,32.1,198.9
847,10,23.7,32.6,378.2
847,11,20.2,30.7,39.8
847,12,19.3,31.4,2.1
868,1,17.7,28.6,68.4
868,2,18.0,29.3,63.0
868,3,18.1,28.7,131.5
868,4,18.0,27.7,169.3
868,5,17.9,27.3,117.5
868,6,17.6,27.1,69.2
868,7,17.1,26.9,63.1
868,8,17.1,27.2,95.7
868,9,17.2,27.9,108.4
868,10,17.4,27.7,138.0
868,11,17.5,27.4,148.7
868,12,17.5,27.9,91.5
869,1,18.0,26.3,86.7
869,2,18.3,27.3,84.4
869,3,18.5,26.7,184.5
869,4,18.4,26.0,264.4
869,5,18.0,25.4,253.8
869,6,17.8,25.2,116.2
869,7,17.2,25.3,72.1
869,8,17.4,25.9,77.8
869,9,17.4,26.5,79.0
869,10,17.7,26.5,127.6
869,11,17.9,26.0,171.7
869,12,17.8,26.5,120.6
874,1,11.8,23.8,3.9
874,2,13.2,24.6,42.0
874,3,15.8,28.6,24.8
874,4,19.1,33.4,7.3
874,5,22.8,38.4,0.0
874,6,24.8,39.6,0.0
874,7,27.6,42.0,0.0
874,8,28.7,41.5,0.1
874,9,25.6,40.1,0.0
874,10,21.8,35.8,0.0
874,11,17.5,30.6,1.8
874,12,14.1,25.7,9.0
876,1,13.7,24.0,11.3
876,2,14.5,24.6,35.7
876,3,17.0,27.9,22.4
876,4,20.1,32.4,7.6
876,5,23.5,36.8,0.7
876,6,26.1,38.8,0.0
876,7,28.9,40.6,0.0
876,8,29.3,40.4,0.0
876,9,26.3,38.7,0.0
876,10,22.7,35.1,0.0
876,11,18.3,30.5,1.8
876,12,15.4,26.2,14.3
877,1,3.1,8.1,41.6
877,2,2.7,8.6,36.3
877,3,4.6,11.6,40.3
877,4,5.9,14.6,40.1
877,5,8.9,18.1,44.9
877,6,11.8,21.0,47.4
877,7,13.7,23.4,34.6
877,8,13.8,23.1,54.3
877,9,11.4,20.0,51.0
877,10,8.8,15.5,61.1
877,11,5.8,11.3,57.5
877,12,3.4,8.4,48.4
878,1,2.2,7.9,90.4
878,2,2.1,8.3,64.8
878,3,3.5,10.2,78.0
878,4,4.7,12.4,64.6
878,5,6.9,15.4,62.9
878,6,9.8,17.9,67.0
878,7,11.7,19.7,66.0
878,8,11.5,19.3,86.2
878,9,9.6,17.1,77.1
878,10,7.0,13.6,98.4
878,11,4.2,10.3,96.3
878,12,2.3,8.2,92.2
879,1,2.3,8.3,121.6
879,2,2.1,8.6,85.2
879,3,4.0,11.1,89.8
879,4,5.2,13.8,68.6
879,5,8.3,17.1,72.3
879,6,11.0,19.8,66.6
879,7,13.1,21.7,78.4
879,8,12.8,21.5,93.4
879,9,10.5,18.8,94.0
879,10,7.7,14.9,133.5
879,11,4.6,11.3,123.4
879,12,2.6,8.7,125.3
880,1,1.0,6.0,112.8
880,2,1.1,6.6,88.5
880,3,2.3,8.8,96.9
880,4,4.0,11.7,62.9
880,5,6.5,15.1,61.4
880,6,9.4,17.5,65.1
880,7,11.1,19.2,83.5
880,8,11.0,18.5,101.1
880,9,8.8,15.8,112.7
880,10,6.0,12.1,129.4
880,11,3.3,8.7,105.5
880,12,1.0,6.1,104.4
882,1,-12.9,-5.1,21.3
882,2,-11.7,-2.6,20.8
882,3,-7.6,1.7,15.5
882,4,-1.3,8.0,10.4
882,5,5.0,14.2,20.1
882,6,9.4,18.2,30.5
882,7,11.9,20.0,52.6
882,8,10.4,18.1,79.2
882,9,5.7,13.5,82.0
882,10,-1.6,5.2,45.2
882,11,-9.2,-2.4,27.4
882,12,-11.6,-4.2,49.8
883,1,6.0,13.7,74.7
883,2,7.5,15.3,63.8
883,3,10.9,18.3,83.8
883,4,14.9,22.2,64.3
883,5,19.5,25.9,54.9
883,6,23.3,29.2,118.1
883,7,24.9,30.9,137.2
883,8,24.5,30.2,170.4
883,9,22.1,27.8,146.3
883,10,16.9,23.7,93.2
883,11,12.0,19.6,55.6
883,12,7.6,15.3,66.0
885,1,-0.4,9.9,104.4
885,2,0.9,11.7,101.9
885,3,4.3,16.4,117.1
885,4,9.2,22.1,91.7
885,5,14.4,26.2,96.3
885,6,19.4,29.8,117.3
885,7,21.3,31.6,124.5
885,8,20.8,31.1,118.4
885,9,16.6,27.3,109.7
885,10,10.4,21.9,96.0
885,11,5.4,16.5,105.4
885,12,1.1,10.9,106.9
888,1,-3.6,4.6,77.0
888,2,-2.4,6.6,67.3
888,3,1.3,11.5,96.3
888,4,6.7,17.7,90.4
888,5,12.2,23.2,94.2
888,6,17.7,28.2,87.1
888,7,20.7,30.6,110.5
888,8,19.9,29.6,88.9
888,9,15.7,25.6,96.0
888,10,9.1,19.2,80.8
888,11,4.0,13.3,75.9
888,12,-1.1,7.1,90.4
889,1,-4.1,7.8,76.7
889,2,-2.6,10.1,67.1
889,3,0.7,14.6,94.7
889,4,5.6,19.9,94.7
889,5,10.2,24.6,112.5
889,6,15.4,28.7,113.3
889,7,17.8,30.3,131.6
889,8,17.4,29.9,91.2
889,9,13.7,26.3,105.2
889,10,6.9,21.0,77.7
889,11,1.8,14.9,82.8
889,12,-2.1,9.5,82.0
891,1,-7.4,5.9,17.5
891,2,-6.2,8.3,18.5
891,3,-2.6,12.3,28.7
891,4,0.6,17.4,22.9
891,5,6.3,22.6,24.4
891,6,11.2,28.3,35.3
891,7,13.4,29.6,70.4
891,8,12.8,28.1,57.7
891,9,9.1,25.1,41.9
891,10,3.1,18.6,35.6
891,11,-2.5,11.6,22.9
891,12,-7.4,6.2,22.9
893,1,-2.8,3.5,92.7
893,2,-1.7,5.3,78.5
893,3,1.8,9.8,110.7
893,4,7.1,16.2,114.3
893,5,12.2,21.6,106.4
893,6,17.6,26.3,112.0
893,7,20.4,28.9,116.8
893,8,19.9,28.1,112.8
893,9,16.0,24.0,108.7
893,10,10.0,17.7,111.8
893,11,5.3,12.1,102.1
893,12,0.0,6.1,101.6
896,1,-3.3,8.2,9.7
896,2,-0.9,11.4,12.2
896,3,2.1,15.8,14.5
896,4,6.1,20.6,15.5
896,5,11.4,26.0,12.7
896,6,16.4,31.3,16.8
896,7,19.1,32.3,38.1
896,8,18.4,30.7,40.1
896,9,14.4,27.1,27.4
896,10,7.8,20.6,25.9
896,11,1.2,13.2,14.5
896,12,-3.1,7.8,12.7
901,1,1.3,11.3,106.7
901,2,3.2,13.7,118.6
901,3,6.7,18.1,122.2
901,4,10.8,22.5,85.3
901,5,15.7,26.6,93.2
901,6,20.1,30.2,100.3
901,7,21.8,31.7,133.9
901,8,21.5,31.2,99.1
901,9,18.2,27.9,113.5
901,10,12.2,22.6,86.6
901,11,6.9,17.6,104.1
901,12,2.5,12.2,99.1
902,1,-1.6,5.4,78.2
902,2,-0.6,6.4,72.9
902,3,2.7,9.8,102.1
902,4,7.5,14.2,86.1
902,5,12.5,19.2,81.8
902,6,17.9,24.3,68.1
902,7,21.1,27.4,84.1
902,8,20.9,26.8,99.6
902,9,17.5,23.8,78.2
902,10,11.4,18.3,88.1
902,11,6.1,13.2,85.1
902,12,0.8,7.9,91.9
903,1,2.9,15.9,57.2
903,2,3.8,17.6,57.4
903,3,7.4,21.6,77.0
903,4,12.8,25.9,56.4
903,5,17.7,29.7,97.3
903,6,21.0,32.8,115.6
903,7,22.3,34.7,91.2
903,8,22.1,35.4,53.8
903,9,19.2,32.3,76.5
903,10,13.7,27.3,99.8
903,11,8.4,21.4,74.9
903,12,3.4,16.5,62.7
905,1,-0.1,8.0,74.2
905,2,1.2,9.5,77.5
905,3,4.5,14.8,101.6
905,4,10.4,20.8,83.8
905,5,16.1,26.3,107.2
905,6,21.5,31.6,94.2
905,7,23.9,33.4,86.6
905,8,22.8,32.2,93.7
905,9,18.5,28.1,95.5
905,10,12.3,21.9,83.8
905,11,6.4,15.8,90.2
905,12,1.6,9.8,89.4
915,1,-9.1,4.8,11.9
915,2,-7.3,7.3,11.9
915,3,-3.5,12.3,24.6
915,4,1.1,17.2,41.9
915,5,5.9,22.3,56.6
915,6,10.6,27.0,57.9
915,7,13.8,31.9,36.3
915,8,12.6,31.5,20.1
915,9,7.2,25.5,34.8
915,10,1.6,18.1,35.1
915,11,-4.2,9.7,15.5
915,12,-9.2,4.0,13.5
918,1,-4.1,3.2,31.5
918,2,-2.1,7.1,25.1
918,3,1.3,12.6,35.3
918,4,4.1,16.8,31.2
918,5,8.1,22.0,35.3
918,6,12.1,27.4,17.5
918,7,15.8,32.9,8.4
918,8,15.3,32.1,6.1
918,9,10.6,26.0,14.7
918,10,4.9,18.2,19.1
918,11,-0.1,9.0,34.3
918,12,-4.4,3.1,39.4
920,1,-5.4,2.1,85.3
920,2,-4.1,3.7,82.6
920,3,-0.5,7.4,109.7
920,4,4.8,13.1,95.0
920,5,9.9,18.9,88.6
920,6,15.3,24.4,93.5
920,7,18.6,27.4,87.1
920,8,18.1,26.4,85.1
920,9,14.1,22.4,87.4
920,10,8.1,16.3,100.1
920,11,3.3,10.8,101.3
920,12,-2.1,5.1,96.0
924,1,-12.1,-2.7,52.3
924,2,-10.8,-0.8,44.7
924,3,-5.6,4.4,56.4
924,4,1.6,12.6,71.6
924,5,7.4,19.6,87.6
924,6,12.9,24.6,93.7
924,7,15.7,27.2,105.7
924,8,14.7,26.1,99.3
924,9,10.4,21.3,92.5
924,10,3.9,14.0,91.4
924,11,-0.6,7.5,79.5
924,12,-7.5,0.7,60.5
929,1,-1.3,10.4,86.6
929,2,0.4,12.8,84.3
929,3,4.1,17.3,101.9
929,4,8.3,22.2,77.2
929,5,13.2,26.1,80.8
929,6,18.1,30.0,95.0
929,7,20.1,31.7,93.5
929,8,19.6,30.8,107.2
929,9,15.8,27.4,82.3
929,10,9.3,22.1,86.4
929,11,4.0,16.9,79.8
929,12,-0.1,11.6,82.6
931,1,-0.7,10.1,124.7
931,2,1.1,12.7,122.9
931,3,4.8,17.6,126.5
931,4,9.1,22.6,101.3
931,5,14.1,26.6,104.1
931,6,18.8,30.6,102.9
931,7,20.9,32.3,124.7
931,8,20.7,32.0,88.4
931,9,16.6,28.4,102.6
931,10,9.9,22.8,83.3
931,11,4.6,16.8,127.0
931,12,0.6,11.2,124.5
932,1,-8.6,-0.6,43.9
932,2,-6.6,1.8,45.5
932,3,-1.6,8.1,63.5
932,4,3.8,15.0,85.9
932,5,9.1,21.1,93.5
932,6,14.5,26.5,87.6
932,7,17.7,28.9,94.0
932,8,17.2,27.7,124.5
932,9,12.4,23.8,81.5
932,10,6.0,16.8,80.0
932,11,0.2,9.0,80.0
932,12,-6.3,1.6,57.2
933,1,-5.3,4.5,71.6
933,2,-3.9,7.1,64.5
933,3,0.3,12.6,98.6
933,4,5.5,18.9,98.0
933,5,10.8,23.8,127.8
933,6,15.8,28.3,102.9
933,7,18.2,30.3,98.0
933,8,17.3,29.9,91.7
933,9,12.8,26.2,71.9
933,10,6.3,19.8,79.0
933,11,1.3,13.1,81.3
933,12,-3.4,6.2,80.0
935,1,-4.8,1.7,43.9
935,2,-3.3,3.3,45.5
935,3,-0.4,7.9,55.9
935,4,5.7,14.1,82.6
935,5,11.9,19.8,96.3
935,6,16.9,25.6,91.2
935,7,19.9,27.8,98.6
935,8,19.6,26.5,98.6
935,9,15.3,23.0,89.7
935,10,9.3,16.9,70.4
935,11,4.2,10.8,83.8
935,12,-1.6,4.1,67.1
938,1,-7.9,6.2,8.1
938,2,-6.9,7.1,8.6
938,3,-3.3,11.2,25.4
938,4,0.7,15.4,36.1
938,5,5.9,20.6,51.6
938,6,10.7,26.1,63.5
938,7,13.8,29.3,72.1
938,8,13.2,27.6,84.8
938,9,8.5,23.6,30.2
938,10,2.1,17.2,20.8
938,11,-3.8,10.6,10.2
938,12,-8.1,5.6,8.6
939,1,-5.3,4.3,56.1
939,2,-3.3,7.2,62.5
939,3,1.7,13.3,81.0
939,4,7.6,19.3,113.8
939,5,12.9,24.0,138.4
939,6,18.1,29.2,131.8
939,7,20.4,32.0,114.6
939,8,19.6,31.3,114.3
939,9,14.5,26.6,109.2
939,10,8.1,20.0,84.8
939,11,2.6,12.7,105.4
939,12,-3.8,5.6,63.5
941,1,-5.2,2.5,69.3
941,2,-3.9,4.8,57.2
941,3,0.4,10.6,76.7
941,4,5.9,17.5,86.4
941,5,11.2,22.7,105.9
941,6,16.4,27.6,101.9
941,7,18.6,29.4,121.7
941,8,17.8,28.7,84.3
941,9,13.6,25.0,72.1
941,10,7.2,18.4,66.3
941,11,2.3,11.4,81.3
941,12,-2.9,4.5,75.4
943,1,1.9,13.6,54.1
943,2,4.1,15.8,67.6
943,3,8.3,20.1,88.6
943,4,12.7,24.6,78.0
943,5,17.9,28.7,124.5
943,6,21.9,32.9,96.3
943,7,23.9,35.3,54.9
943,8,23.9,35.6,48.5
943,9,19.7,31.3,64.8
943,10,13.8,25.7,107.2
943,11,7.9,19.4,68.8
943,12,2.8,13.9,64.8
947,1,-8.1,6.7,10.4
947,2,-7.3,7.9,9.4
947,3,-3.1,12.4,23.4
947,4,0.7,16.4,43.4
947,5,5.9,21.9,53.8
947,6,11.3,28.0,50.3
947,7,14.9,31.9,54.9
947,8,14.4,30.7,42.9
947,9,9.1,25.8,24.4
947,10,2.6,18.5,25.9
947,11,-4.2,11.2,15.5
947,12,-8.3,6.0,8.9
949,1,-6.5,-0.3,35.6
949,2,-5.5,1.3,43.2
949,3,-1.7,6.8,51.3
949,4,4.2,14.1,70.6
949,5,10.1,20.4,78.0
949,6,15.7,25.7,82.6
949,7,18.4,28.1,77.0
949,8,17.8,26.9,80.3
949,9,13.4,22.8,86.1
949,10,7.1,15.7,69.1
949,11,1.9,8.7,72.1
949,12,-3.8,1.9,50.0
953,1,-0.6,10.5,88.9
953,2,1.0,12.9,82.0
953,3,4.4,17.4,104.4
953,4,8.9,22.4,74.2
953,5,13.6,26.4,83.1
953,6,18.8,30.6,89.4
953,7,21.1,32.3,120.1
953,8,20.3,31.3,108.2
953,9,16.5,27.8,110.7
953,10,9.9,22.6,82.6
953,11,4.9,17.6,79.2
953,12,0.7,12.0,78.0
954,1,-0.9,14.8,15.7
954,2,1.7,17.7,11.9
954,3,4.9,22.1,6.4
954,4,9.8,26.6,6.1
954,5,14.9,31.5,12.7
954,6,18.8,35.6,25.1
954,7,20.8,35.0,46.7
954,8,20.2,33.7,50.3
954,9,16.4,31.3,42.7
954,10,10.4,26.4,18.3
954,11,3.6,19.9,13.7
954,12,-0.6,14.7,18.0
965,1,-3.0,8.2,80.5
965,2,-1.5,10.4,84.3
965,3,3.0,15.7,94.5
965,4,7.6,20.9,72.1
965,5,12.6,25.0,102.1
965,6,17.0,28.7,96.8
965,7,19.4,30.5,114.6
965,8,18.8,29.7,98.6
965,9,15.3,26.6,89.4
965,10,8.4,21.1,88.9
965,11,3.6,15.8,75.4
965,12,-0.8,10.3,85.3
967,1,17.7,26.1,235.2
967,2,17.5,26.0,242.8
967,3,18.1,26.1,341.1
967,4,18.6,26.1,293.1
967,5,19.4,27.0,206.2
967,6,20.1,27.9,187.2
967,7,20.7,28.2,274.6
967,8,20.9,28.4,250.2
967,9,20.6,28.5,252.5
967,10,20.3,28.1,248.2
967,11,19.6,27.1,393.7
967,12,18.4,26.3,293.9
969,1,19.1,26.7,58.7
969,2,18.9,26.8,50.5
969,3,19.8,27.3,51.3
969,4,20.8,28.2,16.0
969,5,21.6,29.2,15.7
969,6,23.0,30.6,6.6
969,7,23.6,31.1,13.0
969,8,23.9,31.5,14.2
969,9,23.6,31.4,17.8
969,10,23.0,30.4,46.7
969,11,21.9,28.8,61.5
969,12,20.2,27.3,82.3
972,1,6.2,17.2,85.9
972,2,8.1,19.1,81.3
972,3,11.4,22.8,86.6
972,4,15.2,26.4,84.1
972,5,19.8,30.2,129.3
972,6,22.9,33.0,150.6
972,7,23.9,34.3,96.3
972,8,23.8,34.7,95.5
972,9,21.0,32.1,104.6
972,10,16.1,27.8,144.8
972,11,11.2,22.5,110.2
972,12,7.0,17.9,95.0
974,1,6.6,18.0,83.6
974,2,7.9,19.5,79.5
974,3,10.9,22.4,99.8
974,4,13.6,25.4,64.3
974,5,17.7,28.9,71.6
974,6,21.7,31.2,148.6
974,7,22.7,32.4,158.2
974,8,23.1,31.9,176.0
974,9,21.6,30.1,176.3
974,10,17.1,26.4,112.0
974,11,11.8,22.9,64.3
974,12,7.9,19.0,78.0
977,1,-3.2,1.4,202.7
977,2,-2.4,2.6,170.4
977,3,-1.1,4.9,159.8
977,4,1.8,9.5,117.9
977,5,5.7,13.8,126.0
977,6,9.1,16.9,112.3
977,7,10.8,17.4,138.2
977,8,10.1,17.0,207.3
977,9,7.7,13.7,323.1
977,10,3.9,9.1,336.0
977,11,-0.3,4.3,214.4
977,12,-2.3,2.6,234.4
980,1,-1.1,4.3,391.2
980,2,-0.7,4.9,267.5
980,3,-0.1,6.5,276.6
980,4,1.9,9.7,238.3
980,5,5.2,13.3,208.3
980,6,8.5,16.0,167.6
980,7,10.8,17.8,166.9
980,8,11.0,17.9,249.2
980,9,8.1,14.7,350.3
980,10,4.4,10.4,488.2
980,11,0.9,6.2,422.4
980,12,-0.6,4.3,361.4
984,1,4.1,14.4,13.7
984,2,6.3,16.9,19.3
984,3,9.7,21.3,11.2
984,4,13.4,25.7,3.8
984,5,18.8,31.6,3.0
984,6,23.7,37.1,1.8
984,7,27.2,40.1,10.2
984,8,26.3,38.9,8.4
984,9,21.7,34.4,6.4
984,10,14.7,27.0,6.9
984,11,8.1,19.1,9.1
984,12,3.7,13.7,12.7
986,1,8.8,20.1,79.2
986,2,9.6,20.3,96.5
986,3,10.6,21.2,61.7
986,4,11.9,22.6,23.1
986,5,13.9,23.6,6.6
986,6,15.7,25.6,2.3
986,7,17.6,28.4,0.3
986,8,17.8,29.1,1.0
986,9,17.3,28.4,6.1
986,10,14.8,25.8,16.8
986,11,11.1,22.7,26.4
986,12,8.6,19.8,59.2
990,1,-1.3,9.2,100.6
990,2,0.4,11.8,118.6
990,3,4.5,16.9,125.7
990,4,9.3,22.3,135.1
990,5,15.0,26.9,142.0
990,6,19.7,31.1,93.5
990,7,21.7,32.7,115.3
990,8,20.8,32.6,83.8
990,9,16.4,29.1,83.3
990,10,9.7,23.3,109.2
990,11,4.7,16.9,136.1
990,12,0.0,10.7,150.9
991,1,17.3,23.7,56.1
991,2,18.3,24.3,58.7
991,3,19.4,25.1,70.1
991,4,21.2,26.6,68.8
991,5,23.6,28.2,128.5
991,6,25.1,30.1,209.6
991,7,26.1,31.3,100.8
991,8,26.1,31.3,148.6
991,9,25.6,30.5,191.3
991,10,24.0,28.7,117.1
991,11,21.4,26.4,71.6
991,12,18.8,24.4,50.8
992,1,-9.1,-1.7,44.7
992,2,-7.1,0.3,41.9
992,3,-2.4,5.8,57.7
992,4,2.9,12.1,90.4
992,5,8.1,18.3,86.4
992,6,13.9,24.1,99.1
992,7,17.5,26.7,93.2
992,8,17.2,25.8,100.8
992,9,12.7,21.8,80.8
992,10,6.2,15.2,67.3
992,11,0.0,7.8,68.8
992,12,-6.6,0.4,51.8
993,1,-13.6,-4.6,22.9
993,2,-10.7,-1.7,19.6
993,3,-4.3,5.2,48.0
993,4,2.9,14.3,67.6
993,5,9.4,20.8,85.3
993,6,14.9,26.0,108.0
993,7,17.8,28.6,102.6
993,8,16.6,26.9,109.2
993,9,11.3,22.1,78.2
993,10,4.3,14.4,61.7
993,11,-3.2,5.1,45.0
993,12,-10.9,-2.7,29.5
1001,1,-2.0,8.3,95.3
1001,2,-0.2,11.0,100.1
1001,3,3.9,16.1,104.4
1001,4,8.6,21.4,101.6
1001,5,13.8,25.7,139.7
1001,6,18.6,30.0,105.2
1001,7,20.8,31.8,92.5
1001,8,20.2,31.7,80.5
1001,9,15.9,28.0,86.6
1001,10,9.4,22.1,77.2
1001,11,4.1,15.7,109.5
1001,12,-0.4,9.7,107.7
1003,1,8.0,15.6,130.0
1003,2,9.9,17.9,123.4
1003,3,13.3,21.4,120.7
1003,4,17.1,25.2,101.9
1003,5,21.5,29.2,110.2
1003,6,24.4,31.8,167.6
1003,7,25.5,32.5,144.3
1003,8,25.7,32.7,132.6
1003,9,23.7,30.4,104.6
1003,10,18.9,25.9,78.7
1003,11,13.7,21.5,104.1
1003,12,9.3,17.0,123.7
1005,1,-0.1,9.7,84.6
1005,2,0.3,11.6,76.5
1005,3,4.2,15.9,87.4
1005,4,8.8,21.7,84.6
1005,5,13.9,25.8,95.0
1005,6,19.1,30.1,96.8
1005,7,21.3,32.0,119.6
1005,8,20.4,30.8,135.9
1005,9,17.1,27.9,121.7
1005,10,10.9,22.5,88.1
1005,11,6.1,17.4,78.2
1005,12,1.4,11.9,85.9
1006,1,0.5,9.2,94.2
1006,2,1.2,11.3,80.3
1006,3,4.6,15.6,102.1
1006,4,9.3,21.2,91.7
1006,5,14.1,25.7,97.8
1006,6,19.4,29.4,113.5
1006,7,21.7,31.7,130.6
1006,8,20.9,30.2,186.4
1006,9,17.4,27.2,128.8
1006,10,11.5,21.8,86.9
1006,11,6.3,16.6,86.6
1006,12,1.6,11.3,91.2
1011,1,9.9,21.5,69.6
1011,2,11.9,22.8,71.9
1011,3,14.0,25.2,96.3
1011,4,16.5,27.8,63.2
1011,5,19.9,31.1,83.8
1011,6,22.9,32.6,222.0
1011,7,24.2,33.2,180.3
1011,8,24.2,33.1,198.6
1011,9,23.4,31.8,152.9
1011,10,19.8,28.9,83.6
1011,11,15.4,25.5,61.5
1011,12,12.1,22.3,66.8
1017,1,7.6,20.3,24.9
1017,2,9.3,22.1,24.6
1017,3,11.9,25.7,26.9
1017,4,15.7,29.9,6.6
1017,5,20.6,34.8,2.0
1017,6,25.1,39.9,0.5
1017,7,28.1,41.0,27.2
1017,8,27.8,40.1,24.6
1017,9,24.1,37.8,15.5
1017,10,18.0,31.8,16.5
1017,11,11.1,24.7,16.8
1017,12,7.1,19.6,21.6
1018,1,-5.7,2.1,69.3
1018,2,-4.4,4.1,68.1
1018,3,-0.6,9.4,78.7
1018,4,5.3,16.4,80.0
1018,5,10.4,21.4,105.9
1018,6,15.2,25.9,102.6
1018,7,17.4,28.0,95.8
1018,8,16.9,27.3,89.2
1018,9,13.0,23.1,85.1
1018,10,6.7,17.0,64.0
1018,11,2.1,10.4,85.1
1018,12,-3.1,4.2,74.2
1020,1,-10.3,-0.4,85.9
1020,2,-8.7,1.4,82.6
1020,3,-3.9,5.6,107.7
1020,4,1.5,11.8,109.7
1020,5,6.8,17.5,101.9
1020,6,12.0,22.9,96.3
1020,7,15.2,26.0,91.7
1020,8,14.6,25.4,79.8
1020,9,10.2,21.1,93.7
1020,10,3.8,14.8,123.7
1020,11,-0.6,8.9,125.2
1020,12,-6.4,2.9,102.1
1021,1,-10.3,-0.4,85.9
1021,2,-8.7,1.4,82.6
1021,3,-3.9,5.6,107.7
1021,4,1.5,11.8,109.7
1021,5,6.8,17.5,101.9
1021,6,12.0,22.9,96.3
1021,7,15.2,26.0,91.7
1021,8,14.6,25.4,79.8
1021,9,10.2,21.1,93.7
1021,10,3.8,14.8,123.7
1021,11,-0.6,8.9,125.2
1021,12,-6.4,2.9,102.1
1023,1,-0.6,10.5,88.9
1023,2,1.0,12.9,82.0
1023,3,4.4,17.4,104.4
1023,4,8.9,22.4,74.2
1023,5,13.6,26.4,83.1
1023,6,18.8,30.6,89.4
1023,7,21.1,32.3,120.1
1023,8,20.3,31.3,108.2
1023,9,16.5,27.8,110.7
1023,10,9.9,22.6,82.6
1023,11,4.9,17.6,79.2
1023,12,0.7,12.0,78.0
1026,1,-10.3,-1.4,34.8
1026,2,-7.9,1.2,35.8
1026,3,-2.5,8.3,58.9
1026,4,3.4,15.9,85.1
1026,5,9.1,22.1,102.1
1026,6,14.7,27.3,118.1
1026,7,17.2,29.2,100.3
1026,8,16.3,28.0,116.6
1026,9,11.3,24.1,85.1
1026,10,4.8,17.1,67.8
1026,11,-0.9,8.7,65.5
1026,12,-7.9,0.7,50.3
1027,1,-2.1,8.6,77.2
1027,2,-0.8,10.7,70.1
1027,3,2.8,15.6,102.6
1027,4,7.8,21.3,83.1
1027,5,12.8,25.5,96.0
1027,6,18.1,30.1,99.8
1027,7,20.5,32.1,114.6
1027,8,19.7,30.9,118.4
1027,9,15.6,27.3,104.9
1027,10,9.1,21.7,75.7
1027,11,4.1,16.3,82.3
1027,12,-0.3,10.4,82.8
1035,1,4.8,17.2,44.7
1035,2,6.8,19.4,45.5
1035,3,10.4,23.1,58.7
1035,4,14.5,26.9,53.3
1035,5,19.3,30.6,101.9
1035,6,22.6,33.5,105.2
1035,7,23.7,34.8,69.6
1035,8,23.7,35.6,53.1
1035,9,20.6,32.4,77.0
1035,10,15.6,27.9,104.4
1035,11,10.1,22.3,57.9
1035,12,5.4,17.8,48.5
1037,1,7.6,13.8,114.3
1037,2,8.6,15.7,113.3
1037,3,9.2,16.6,82.8
1037,4,9.6,17.3,37.1
1037,5,10.6,17.9,17.8
1037,6,11.6,19.1,4.1
1037,7,12.3,19.2,0.0
1037,8,12.8,20.1,1.5
1037,9,12.8,21.2,5.3
1037,10,12.1,20.7,28.4
1037,11,10.1,17.3,80.3
1037,12,7.8,13.9,115.8
1042,1,3.7,15.8,93.7
1042,2,5.4,17.9,70.9
1042,3,8.7,21.6,94.7
1042,4,12.0,25.3,78.0
1042,5,16.7,29.2,75.7
1042,6,21.0,32.2,151.1
1042,7,22.7,33.6,142.2
1042,8,22.4,32.6,166.6
1042,9,19.9,30.0,116.3
1042,10,14.2,25.8,93.7
1042,11,8.8,21.4,60.2
1042,12,4.9,16.9,74.9
1043,1,2.7,8.4,141.5
1043,2,2.7,9.9,88.9
1043,3,4.1,12.1,94.5
1043,4,5.7,14.7,68.8
1043,5,8.5,18.2,49.3
1043,6,11.1,21.1,39.9
1043,7,13.1,24.3,17.8
1043,8,13.3,24.6,22.4
1043,9,11.2,21.4,38.1
1043,10,7.7,15.4,88.4
1043,11,4.4,10.5,166.9
1043,12,2.0,7.6,135.9
1044,1,0.3,14.3,52.6
1044,2,1.6,16.1,51.6
1044,3,3.6,19.1,56.6
1044,4,6.5,23.3,27.7
1044,5,10.9,28.7,14.7
1044,6,15.7,34.0,6.9
1044,7,19.1,35.8,38.9
1044,8,18.6,34.3,54.1
1044,9,15.3,31.2,51.1
1044,10,9.8,25.3,38.6
1044,11,3.9,18.7,33.8
1044,12,-0.1,13.9,43.4
1050,1,3.9,17.5,110.2
1050,2,5.5,19.7,123.2
1050,3,8.4,23.2,150.9
1050,4,11.3,26.6,77.7
1050,5,16.4,30.6,88.1
1050,6,20.8,32.8,196.3
1050,7,22.2,33.4,182.1
1050,8,22.3,33.1,186.7
1050,9,20.1,31.3,119.1
1050,10,14.1,27.4,82.0
1050,11,8.6,22.8,88.9
1050,12,5.1,18.5,99.1
1051,1,10.9,21.1,56.6
1051,2,12.4,22.5,71.4
1051,3,14.6,24.6,77.0
1051,4,17.2,27.2,51.6
1051,5,20.9,30.7,53.3
1051,6,23.8,32.0,169.7
1051,7,24.4,32.3,179.6
1051,8,24.6,32.3,197.4
1051,9,23.6,31.6,160.0
1051,10,20.0,29.1,57.4
1051,11,15.7,25.6,39.4
1051,12,12.3,22.2,62.7
1055,1,-4.1,1.3,45.5
1055,2,-3.1,4.2,33.8
1055,3,-0.2,9.4,40.9
1055,4,2.7,14.0,32.5
1055,5,6.6,19.1,41.1
1055,6,10.2,23.2,31.8
1055,7,13.5,28.5,16.3
1055,8,13.2,28.3,15.0
1055,9,8.6,22.7,17.0
1055,10,2.9,14.4,30.0
1055,11,-1.2,5.3,58.4
1055,12,-5.3,0.1,58.4
1056,1,13.8,23.7,79.5
1056,2,15.1,24.7,71.6
1056,3,16.8,25.9,116.6
1056,4,18.8,27.6,93.0
1056,5,21.7,29.8,114.6
1056,6,23.5,31.3,210.8
1056,7,24.2,32.2,146.3
1056,8,24.4,32.3,201.9
1056,9,24.0,31.3,212.1
1056,10,22.1,29.4,130.3
1056,11,18.6,26.7,120.7
1056,12,15.6,24.6,85.9
1059,1,-1.1,9.4,91.7
1059,2,0.6,11.8,81.0
1059,3,4.2,16.2,102.6
1059,4,8.7,21.4,94.0
1059,5,13.4,25.8,98.3
1059,6,18.4,29.4,106.7
1059,7,20.5,31.4,127.0
1059,8,20.1,30.2,123.7
1059,9,15.9,26.6,106.4
1059,10,10.1,21.6,86.6
1059,11,4.7,16.5,85.1
1059,12,0.3,10.6,88.1
1065,1,18.0,28.4,86.8
1065,2,17.9,27.5,101.5
1065,3,16.2,25.5,104.6
1065,4,12.9,22.0,85.5
1065,5,10.2,18.6,89.0
1065,6,7.7,15.1,83.1
1065,7,7.2,15.0,86.4
1065,8,7.8,16.2,88.2
1065,9,9.1,18.0,93.9
1065,10,11.5,20.5,108.5
1065,11,14.2,23.7,89.3
1065,12,16.3,26.5,84.4
1069,1,18.1,25.2,75.4
1069,2,18.4,25.1,84.8
1069,3,17.6,24.0,79.3
1069,4,14.9,21.2,84.0
1069,5,12.1,18.2,91.4
1069,6,9.5,14.8,80.3
1069,7,8.7,14.4,90.3
1069,8,8.8,14.7,93.9
1069,9,9.9,16.0,93.1
1069,10,11.4,18.4,85.0
1069,11,14.1,21.0,86.8
1069,12,16.4,23.8,66.6
1071,1,23.4,30.3,295.8
1071,2,23.6,30.2,311.8
1071,3,23.4,29.9,330.4
1071,4,22.5,28.9,215.0
1071,5,21.3,27.7,151.2
1071,6,20.5,26.7,161.3
1071,7,19.5,25.9,102.8
1071,8,19.3,26.1,100.5
1071,9,19.6,26.7,87.2
1071,10,20.6,27.8,116.6
1071,11,21.7,28.9,153.7
1071,12,22.4,29.7,195.8
1072,1,14.6,20.0,28.0
1072,2,16.2,21.3,19.0
1072,3,18.7,23.5,55.0
1072,4,21.9,27.7,79.0
1072,5,24.5,31.7,188.0
1072,6,26.3,33.8,231.0
1072,7,26.5,33.3,300.0
1072,8,25.8,32.5,335.0
1072,9,24.7,31.6,195.0
1072,10,22.4,29.6,126.0
1072,11,19.2,26.3,48.0
1072,12,15.4,22.1,24.0
1075,1,19.7,25.2,83.0
1075,2,20.4,26.3,22.0
1075,3,22.1,28.4,36.0
1075,4,24.0,30.9,50.0
1075,5,25.4,33.4,71.0
1075,6,26.3,34.9,68.0
1075,7,26.0,34.4,92.0
1075,8,25.8,34.0,167.0
1075,9,24.8,32.0,394.0
1075,10,23.7,29.6,658.0
1075,11,22.5,27.7,486.0
1075,12,20.5,25.3,272.0
1079,1,23.4,32.0,12.0
1079,2,23.1,32.7,8.0
1079,3,24.9,33.6,18.0
1079,4,26.4,34.5,57.0
1079,5,26.4,34.9,202.0
1079,6,25.5,33.5,224.0
1079,7,25.2,33.0,231.0
1079,8,25.1,32.9,219.0
1079,9,25.0,32.6,273.0
1079,10,25.0,32.3,240.0
1079,11,24.9,32.4,128.0
1079,12,23.9,31.6,41.0
1087,1,17.1,26.6,229.0
1087,2,16.8,26.5,179.0
1087,3,16.6,27.0,89.0
1087,4,15.1,26.5,29.0
1087,5,12.7,25.3,2.0
1087,6,10.6,23.4,0.0
1087,7,10.2,23.0,0.0
1087,8,12.3,25.9,0.0
1087,9,15.3,29.4,1.0
1087,10,17.5,30.8,13.0
1087,11,17.9,29.9,73.0
1087,12,17.3,27.2,183.0
1088,1,15.8,26.2,190.8
1088,2,15.7,26.0,176.3
1088,3,14.5,26.2,99.1
1088,4,12.5,25.6,37.2
1088,5,9.3,23.8,7.4
1088,6,6.8,21.8,1.8
1088,7,6.5,21.6,2.3
1088,8,8.5,24.1,2.9
1088,9,11.7,28.4,6.5
1088,10,14.5,28.8,40.4
1088,11,15.5,27.6,93.2
1088,12,15.8,26.3,182.7
