location_id,budget_daily,budget_weekly,budget_monthly,midrange_daily,midrange_weekly,midrange_monthly,luxury_daily,luxury_weekly,luxury_monthly
1,56,196,842,134,470,2013,294,1030,4415
2,87,303,1300,201,705,3020,402,1406,6023
3,147,513,2198,335,1173,5028,641,2243,9613
4,115,402,1720,272,952,4080,579,2027,8686
5,115,402,1720,272,952,4080,579,2027,8686
6,27,96,410,63,219,938,120,418,1794
7,27,96,410,63,219,938,120,418,1794
8,26,90,386,59,207,887,114,401,1718
9,29,101,432,68,237,1017,142,498,2136
10,28,98,421,65,227,972,128,448,1922
11,31,110,469,72,251,1075,138,484,2076
12,26,92,392,62,218,933,134,470,2017
13,30,103,442,69,240,1028,138,484,2074
14,27,94,404,63,220,944,130,454,1945
15,27,94,400,62,218,937,129,450,1930
16,28,96,414,63,220,945,120,422,1806
17,29,103,441,67,235,1009,129,450,1928
18,29,102,435,69,240,1030,147,513,2198
19,22,76,326,50,174,745,95,332,1424
20,39,138,591,96,334,1433,217,760,3256
21,24,86,367,56,196,838,107,374,1602
22,36,124,533,86,302,1294,197,690,2956
23,,,,,,,,,
24,18,62,266,35,122,521,69,241,1034
25,144,503,2155,337,1179,5051,691,2418,10360
26,166,580,2488,390,1365,5850,819,2866,12283
27,75,263,1126,206,722,3096,618,2165,9277
28,56,196,842,133,464,1989,285,996,4271
29,53,185,794,154,540,2312,513,1797,7700
30,69,242,1038,159,558,2390,308,1079,4624
31,60,210,901,138,484,2077,283,990,4242
32,,,,,,,,,
33,69,240,1028,195,684,2929,625,2188,9375
34,66,231,990,157,551,2361,355,1241,5320
35,75,263,1126,206,722,3096,618,2165,9277
36,78,274,1176,206,721,3091,553,1934,8289
37,75,263,1126,172,604,2587,330,1154,4945
38,80,279,1196,178,624,2675,334,1170,5015
39,69,242,1036,158,553,2371,303,1061,4548
40,78,274,1176,185,649,2780,382,1338,5737
41,110,385,1651,251,877,3758,480,1680,7200
42,70,246,1056,161,562,2411,307,1076,4610
43,90,316,1352,217,758,3249,488,1709,7323
44,78,274,1176,206,721,3091,553,1934,8289
45,73,254,1089,166,582,2494,318,1114,4776
46,0,0,0,0,0,0,0,0,0
47,98,344,1472,227,796,3410,467,1634,7001
48,126,442,1893,290,1016,4357,566,1981,8488
49,98,344,1472,227,796,3410,467,1634,7001
50,85,297,1273,191,668,2865,353,1235,5292
51,24,84,358,55,191,820,104,366,1566
52,52,183,783,122,426,1828,248,867,3715
53,34,118,504,76,267,1144,146,512,2196
54,34,118,504,76,267,1144,146,512,2196
55,77,271,1162,194,678,2904,481,1684,7215
56,80,279,1194,178,623,2669,345,1209,5180
57,77,271,1162,194,678,2904,481,1684,7215
58,,,,,,,,,
59,43,150,642,108,378,1621,272,952,4079
60,39,136,583,87,303,1300,169,591,2532
61,72,251,1076,164,574,2458,319,1116,4781
62,,,,,,,,,
63,131,458,1965,303,1060,4545,598,2093,8970
64,43,152,650,99,346,1485,189,662,2838
65,23,81,348,57,198,850,131,457,1959
66,34,120,513,79,278,1192,164,573,2455
67,22,78,335,55,191,818,126,442,1894
68,23,81,348,57,198,850,131,457,1959
69,29,100,428,68,240,1026,151,530,2270
70,24,83,354,57,200,854,131,460,1972
71,40,140,600,102,356,1524,256,897,3846
72,40,140,600,97,339,1452,226,790,3388
73,40,140,600,102,356,1524,256,897,3846
74,32,112,482,73,257,1100,140,491,2103
75,44,153,654,113,396,1698,303,1062,4550
76,42,146,627,100,350,1499,218,764,3275
77,37,129,552,89,312,1336,201,702,3010
78,36,126,538,88,308,1320,206,720,3084
79,29,100,431,73,256,1096,187,654,2806
80,35,121,519,81,285,1220,168,589,2524
81,33,116,500,78,272,1165,166,582,2496
82,34,120,516,79,275,1179,150,526,2253
83,60,211,906,64,226,966,72,252,1080
84,90,316,1353,205,716,3068,415,1452,6221
85,44,153,654,113,396,1698,303,1062,4550
86,21,72,309,50,176,754,117,411,1762
87,22,78,337,59,206,884,160,560,2400
88,155,542,2325,355,1242,5325,678,2373,10170
89,35,124,529,85,297,1273,194,678,2904
90,46,161,690,105,366,1569,198,692,2967
91,35,124,529,85,297,1273,194,678,2904
92,39,138,592,90,316,1354,171,598,2564
93,17,61,261,39,137,586,71,248,1065
94,19,68,292,51,178,763,147,513,2198
95,16,56,238,36,127,545,69,243,1041
96,19,68,292,51,178,763,147,513,2198
97,33,116,499,94,330,1414,298,1043,4469
98,25,89,380,65,228,975,171,598,2563
99,51,180,771,67,236,1010,95,332,1423
100,83,290,1244,250,874,3743,859,3005,12878
101,45,158,677,105,369,1582,224,784,3361
102,73,257,1102,178,621,2663,405,1418,6079
103,76,265,1135,172,601,2576,445,1556,6668
104,91,318,1364,191,670,2870,423,1480,6341
105,57,198,851,137,479,2052,306,1070,4584
106,47,166,709,47,166,709,47,166,709
107,42,148,633,99,346,1484,209,731,3132
108,44,153,655,99,346,1484,194,677,2903
109,60,209,895,148,517,2216,358,1253,5370
110,93,326,1397,236,825,3536,602,2106,9026
111,59,206,884,148,517,2216,384,1344,5762
112,52,183,786,135,471,2019,357,1248,5348
113,63,222,950,153,535,2292,342,1197,5129
114,,,,,,,,,
115,73,257,1102,149,522,2237,312,1092,4682
116,83,290,1244,250,874,3743,859,3005,12878
117,60,209,895,165,578,2477,498,1744,7476
118,20,69,295,49,170,731,122,428,1834
119,86,300,1288,202,705,3023,462,1617,6930
120,65,227,971,147,514,2204,271,947,4060
121,193,675,2892,255,894,3830,430,1505,6450
122,,,,,,,,,
123,126,441,1890,299,1046,4485,633,2216,9495
124,98,343,1470,225,788,3375,430,1505,6450
125,125,438,1875,243,850,3642,471,1649,7067
126,125,438,1875,243,850,3642,471,1649,7067
127,55,192,824,149,520,2230,441,1544,6617
128,42,146,626,99,346,1481,217,761,3261
129,49,173,741,113,394,1691,214,749,3208
130,41,144,616,97,339,1453,204,714,3062
131,53,185,792,120,418,1793,230,805,3449
132,43,152,650,105,367,1574,243,852,3649
133,54,190,812,126,440,1888,257,898,3850
134,45,158,678,103,361,1548,197,690,2956
135,42,146,626,103,362,1550,249,871,3732
136,54,190,814,125,439,1880,256,896,3839
137,35,123,526,78,272,1164,151,530,2272
138,28,98,421,69,240,1028,159,556,2380
139,55,192,824,149,520,2230,441,1544,6617
140,41,145,621,95,331,1420,181,633,2714
141,40,141,605,95,333,1426,200,700,2998
142,36,127,546,83,291,1247,159,556,2383
143,31,110,472,82,286,1223,217,758,3250
144,36,127,545,91,319,1367,228,797,3415
145,36,127,545,91,319,1367,228,797,3415
146,46,162,694,106,370,1584,202,706,3028
147,254,890,3813,276,965,4136,335,1172,5024
148,42,147,631,104,365,1564,256,896,3840
149,38,132,568,65,229,982,116,405,1735
150,34,120,513,78,274,1174,149,522,2238
151,40,139,597,91,319,1367,174,609,2610
152,22,78,334,55,191,818,127,444,1903
153,,,,,,,,,
154,,,,,,,,,
155,52,180,774,118,413,1768,225,788,3377
156,,,,,,,,,
157,,,,,,,,,
158,50,175,749,132,463,1985,375,1314,5630
159,37,130,557,85,297,1274,162,568,2433
160,53,184,788,140,490,2099,399,1396,5981
161,40,140,599,92,320,1373,175,612,2622
162,,,,,,,,,
163,47,163,698,106,372,1596,203,712,3049
164,40,140,602,92,322,1378,175,614,2631
165,44,153,656,105,367,1573,280,978,4193
166,33,114,488,74,260,1117,142,498,2132
167,,,,,,,,,
168,46,162,692,105,368,1579,201,704,3018
169,,,,,,,,,
170,24,84,360,59,208,891,149,520,2229
171,24,84,360,59,208,891,149,520,2229
172,12,41,177,30,105,450,81,282,1209
173,19,65,280,53,186,796,168,587,2517
174,11,38,161,28,99,426,79,278,1189
175,34,120,512,79,276,1181,155,543,2327
176,46,160,687,105,366,1570,200,700,3000
177,15,52,225,38,132,567,95,333,1427
178,15,54,232,38,132,564,91,319,1366
179,24,84,362,59,207,886,138,482,2066
180,62,218,933,145,508,2176,296,1035,4435
181,48,168,720,119,418,1792,292,1023,4386
182,53,185,794,124,434,1861,264,924,3958
183,56,197,844,128,448,1922,268,940,4027
184,100,350,1499,140,492,2106,243,851,3648
185,72,250,1073,170,594,2547,365,1277,5473
186,58,202,863,139,488,2092,323,1129,4840
187,43,150,644,103,361,1548,264,924,3959
188,45,157,673,110,384,1647,256,897,3843
189,62,218,933,145,508,2176,296,1035,4435
190,59,205,880,142,497,2129,319,1117,4786
191,59,205,880,142,497,2129,319,1117,4786
192,68,238,1018,153,537,2300,293,1024,4390
193,56,197,843,130,455,1949,252,881,3776
194,33,115,492,85,299,1282,231,807,3460
195,81,283,1212,180,631,2704,338,1184,5075
196,61,213,913,140,492,2107,273,955,4092
197,59,205,878,135,471,2020,258,902,3863
198,56,197,843,149,520,2230,409,1430,6129
199,66,230,984,149,520,2230,282,988,4232
200,55,192,825,129,451,1932,270,946,4056
201,44,156,667,104,365,1563,225,787,3372
202,28,97,416,74,260,1113,215,754,3230
203,28,97,416,74,260,1113,215,754,3230
204,162,567,2430,369,1291,5532,693,2427,10401
205,,,,,,,,,
206,63,221,948,146,512,2195,303,1061,4548
207,60,210,902,145,509,2182,353,1236,5296
208,78,274,1175,196,686,2942,497,1740,7454
209,37,130,557,88,310,1326,192,672,2878
210,50,174,746,114,398,1704,217,760,3256
211,41,142,609,93,326,1396,180,628,2694
212,63,219,938,143,501,2146,274,958,4107
213,62,216,923,141,493,2112,269,942,4039
214,60,210,902,145,509,2182,353,1236,5296
215,42,147,629,96,336,1438,183,641,2748
216,112,394,1686,277,969,4152,710,2486,10654
217,91,320,1369,208,729,3126,396,1386,5939
218,112,394,1686,277,969,4152,710,2486,10654
219,95,334,1432,217,759,3252,410,1434,6148
220,106,372,1593,242,847,3630,457,1600,6855
221,39,138,592,98,343,1471,238,832,3564
222,89,311,1334,228,800,3427,597,2091,8961
223,68,239,1023,168,588,2518,397,1388,5948
224,68,238,1020,168,588,2522,405,1416,6068
225,39,138,592,98,343,1471,238,832,3564
226,119,417,1789,273,954,4089,521,1823,7813
227,27,94,405,66,231,990,163,570,2445
228,26,91,390,57,200,855,115,402,1725
229,23,80,345,53,186,795,127,444,1905
230,60,210,900,116,406,1740,233,816,3495
231,51,178,765,117,410,1755,223,780,3345
232,67,234,1005,164,574,2460,395,1382,5925
233,27,94,405,66,231,990,163,570,2445
234,14,50,215,33,115,493,64,223,956
235,9,30,129,21,74,317,50,174,746
236,8,28,120,20,71,304,52,183,784
237,14,50,215,33,115,493,64,223,956
238,7,23,99,17,58,251,43,150,640
239,8,29,125,21,74,319,55,192,822
240,47,163,698,106,372,1596,203,712,3050
241,54,188,808,142,496,2125,385,1347,5772
242,62,217,931,150,524,2248,327,1143,4900
243,54,188,808,142,496,2125,385,1347,5772
244,67,234,1001,155,541,2318,331,1160,4970
245,12,44,188,32,112,481,84,292,1253
246,12,44,188,32,112,481,84,292,1253
247,164,573,2454,173,607,2600,192,670,2873
248,84,293,1257,198,692,2966,446,1561,6690
249,80,279,1196,192,674,2886,442,1548,6634
250,80,279,1196,192,674,2886,442,1548,6634
251,81,283,1212,185,648,2774,354,1238,5303
252,77,270,1159,177,619,2652,338,1184,5075
253,78,274,1176,180,631,2704,343,1200,5145
254,105,369,1580,244,852,3652,502,1758,7534
255,63,221,948,145,508,2178,277,971,4162
256,85,299,1282,201,705,3020,414,1450,6216
257,82,287,1229,186,652,2792,356,1246,5338
258,116,406,1738,310,1086,4654,880,3081,13206
259,124,434,1862,287,1004,4302,561,1963,8412
260,80,279,1194,183,639,2740,350,1225,5251
261,75,262,1124,178,623,2669,377,1320,5654
262,84,295,1264,193,676,2898,368,1286,5514
263,94,328,1405,220,770,3302,460,1610,6901
264,76,266,1142,177,619,2652,345,1209,5180
265,97,340,1458,222,778,3336,433,1516,6498
266,70,246,1054,163,570,2441,329,1152,4934
267,71,250,1071,171,598,2564,364,1274,5462
268,76,266,1142,181,635,2722,391,1368,5865
269,95,332,1422,210,734,3143,438,1532,6568
270,97,341,1460,222,776,3326,422,1478,6335
271,71,250,1071,164,574,2458,342,1196,5128
272,66,230,984,150,524,2248,287,1004,4302
273,116,406,1738,310,1086,4654,880,3081,13206
274,78,274,1176,187,656,2810,407,1426,6111
275,,,,,,,,,
276,69,242,1036,158,553,2371,302,1057,4531
277,85,299,1282,199,696,2985,410,1434,6146
278,78,274,1176,179,627,2687,343,1200,5145
279,197,688,2950,279,975,4180,492,1721,7376
280,145,508,2178,331,1160,4970,635,2221,9518
281,13,46,195,35,122,523,100,351,1503
282,13,46,195,35,122,523,100,351,1503
283,77,271,1162,205,718,3080,569,1992,8535
284,95,332,1422,215,754,3231,409,1430,6129
285,77,271,1162,205,718,3080,569,1992,8535
286,96,336,1440,222,778,3336,444,1553,6656
287,89,312,1334,203,709,3038,424,1483,6357
288,103,360,1545,231,807,3460,460,1610,6901
289,78,274,1176,185,648,2774,392,1373,5883
290,128,447,1914,282,988,4232,597,2090,8956
291,75,262,1124,178,623,2669,412,1442,6181
292,68,238,1021,167,583,2499,382,1338,5737
293,97,340,1458,222,778,3336,433,1516,6498
294,85,299,1282,198,692,2968,386,1352,5795
295,85,299,1282,194,680,2915,371,1299,5567
296,74,259,1109,169,591,2534,324,1133,4857
297,105,369,1580,239,836,3582,452,1582,6778
298,85,299,1282,201,705,3020,419,1467,6287
299,84,295,1264,197,688,2950,459,1606,6884
300,69,242,1036,157,549,2353,300,1049,4496
301,95,332,1422,224,782,3354,492,1721,7376
302,85,299,1282,198,692,2968,393,1377,5900
303,21,72,310,51,179,768,123,432,1852
304,21,72,310,51,179,768,123,432,1852
305,74,258,1106,180,631,2704,432,1511,6476
306,60,209,896,137,480,2054,262,918,3934
307,68,238,1018,156,545,2336,299,1045,4478
308,74,258,1106,180,631,2704,432,1511,6476
309,96,336,1440,220,770,3302,420,1471,6304
310,69,242,1036,158,553,2371,304,1065,4566
311,76,266,1142,174,610,2616,335,1172,5022
312,66,230,984,151,528,2265,288,1008,4320
313,100,348,1493,228,799,3424,440,1541,6603
314,61,213,913,139,488,2090,266,930,3986
315,55,192,825,135,471,2020,321,1123,4812
316,81,283,1212,191,668,2862,395,1381,5918
317,151,528,2265,344,1205,5163,658,2303,9869
318,84,295,1264,193,676,2898,388,1356,5812
319,136,475,2037,310,1086,4654,594,2078,8903
320,142,496,2125,323,1131,4847,618,2164,9272
321,131,459,1967,300,1049,4496,574,2008,8605
322,132,463,1984,318,1114,4776,720,2520,10800
323,70,246,1054,159,557,2388,304,1065,4566
324,111,389,1668,259,906,3881,551,1930,8271
325,77,270,1159,180,631,2704,372,1303,5584
326,88,307,1317,199,696,2985,380,1332,5707
327,149,520,2230,340,1188,5092,649,2270,9729
328,119,418,1791,293,1024,4390,687,2405,10308
329,198,692,2968,482,1688,7235,1109,3880,16630
330,135,472,2024,309,1080,4628,590,2065,8852
331,142,496,2125,321,1123,4812,596,2086,8938
332,84,296,1267,194,678,2904,370,1294,5543
333,78,274,1176,184,643,2757,386,1352,5795
334,60,210,898,137,480,2059,263,920,3942
335,247,864,3705,610,2135,9149,1467,5134,22004
336,,,,,,,,,
337,128,450,1926,291,1019,4368,554,1939,8309
338,95,332,1426,217,760,3256,414,1450,6212
339,95,332,1426,217,760,3256,414,1450,6212
340,110,386,1654,252,883,3784,483,1692,7250
341,91,320,1370,210,734,3143,402,1406,6023
342,89,312,1334,203,709,3038,388,1356,5812
343,38,132,566,56,197,843,81,282,1210
344,32,112,478,74,260,1113,177,618,2648
345,22,76,326,43,150,641,88,307,1315
346,38,132,566,56,197,843,81,282,1210
347,18,64,274,45,156,670,104,365,1564
348,17,60,258,31,110,470,62,217,930
349,17,60,258,31,110,470,62,217,930
350,,,,,,,,,
351,42,148,636,99,348,1489,205,716,3071
352,32,110,474,74,260,1114,169,592,2538
353,17,59,254,43,149,640,107,376,1610
354,74,260,1112,184,644,2760,450,1574,6746
355,45,156,671,120,418,1794,339,1188,5089
356,48,168,718,115,401,1720,253,884,3790
357,45,156,671,120,418,1794,339,1188,5089
358,38,134,574,91,318,1360,194,680,2914
359,27,96,411,63,219,940,120,419,1796
360,48,166,714,110,383,1643,214,749,3211
361,26,92,396,60,212,906,115,404,1731
362,39,138,590,90,314,1346,171,597,2558
363,27,95,407,62,217,930,118,414,1776
364,119,416,1785,305,1069,4582,904,3163,13555
365,84,292,1253,189,663,2840,352,1231,5276
366,91,318,1361,206,720,3084,382,1336,5728
367,119,416,1785,305,1069,4582,904,3163,13555
368,20,70,302,52,184,787,141,494,2120
369,12,43,184,28,98,421,54,188,805
370,22,77,330,51,177,758,125,437,1873
371,15,53,228,35,123,526,69,240,1028
372,26,92,394,60,210,902,115,402,1723
373,22,76,328,51,178,760,101,354,1516
374,16,54,234,32,113,485,68,237,1017
375,18,62,268,43,149,640,93,326,1398
376,20,70,302,52,184,787,141,494,2120
377,15,52,221,36,127,544,89,310,1329
378,26,92,394,59,207,888,113,395,1692
379,,,,,,,,,
380,9,32,139,21,74,317,41,144,617
381,,,,,,,,,
382,20,68,294,45,158,676,89,310,1330
383,,,,,,,,,
384,,,,,,,,,
385,30,104,447,83,292,1249,256,896,3838
386,16,56,238,39,138,590,95,333,1426
387,11,38,162,25,86,370,47,165,706
388,13,46,196,28,98,418,52,183,784
389,,,,,,,,,
390,31,110,470,86,302,1294,258,903,3870
391,31,110,470,86,302,1294,258,903,3870
392,21,75,322,49,172,737,94,328,1408
393,17,60,258,40,141,606,96,335,1435
394,33,116,499,75,261,1119,140,489,2095
395,27,94,400,60,210,900,118,414,1773
396,57,198,849,77,271,1160,113,394,1689
397,11,38,165,25,88,376,48,168,720
398,48,169,726,78,273,1170,134,468,2004
399,36,128,546,156,545,2337,761,2662,11411
400,25,89,382,65,227,972,170,594,2548
401,37,128,549,89,310,1331,203,712,3050
402,37,128,549,89,310,1331,203,712,3050
403,81,283,1212,210,734,3143,575,2012,8623
404,75,262,1124,170,594,2546,325,1139,4882
405,62,217,931,144,504,2160,293,1024,4390
406,75,262,1124,174,610,2616,359,1258,5391
407,81,283,1212,210,734,3143,575,2012,8623
408,75,262,1124,179,627,2687,420,1471,6304
409,85,299,1282,196,684,2933,373,1307,5602
410,56,197,843,129,451,1932,248,869,3723
411,101,352,1510,235,824,3530,481,1684,7218
412,83,291,1247,190,664,2845,363,1270,5444
413,,,,,,,,,
414,68,238,1018,156,545,2336,297,1041,4460
415,83,291,1247,186,652,2794,344,1204,5158
416,76,266,1139,175,611,2619,341,1194,5117
417,58,203,870,146,511,2189,364,1272,5454
418,76,265,1135,178,624,2673,379,1325,5678
419,52,182,780,121,425,1821,247,866,3709
420,92,324,1387,242,848,3635,658,2304,9872
421,126,442,1896,288,1008,4320,560,1958,8394
422,70,246,1054,160,561,2406,310,1086,4654
423,127,444,1900,299,1047,4487,683,2390,10242
424,95,332,1426,217,760,3256,467,1634,7004
425,94,328,1405,220,770,3302,482,1688,7235
426,94,328,1408,209,731,3132,398,1392,5966
427,89,312,1334,201,705,3020,388,1356,5812
428,75,262,1124,170,594,2546,325,1139,4882
429,60,209,896,137,480,2054,262,918,3934
430,74,258,1106,176,614,2634,379,1328,5690
431,71,250,1071,163,570,2441,310,1086,4654
432,95,332,1422,199,696,2985,399,1397,5988
433,227,795,3407,302,1057,4531,445,1557,6673
434,86,300,1284,196,686,2939,375,1314,5631
435,89,312,1334,211,738,3161,510,1786,7656
436,97,341,1460,221,772,3308,419,1466,6282
437,68,238,1021,156,546,2340,299,1047,4487
438,121,422,1809,275,963,4127,523,1832,7850
439,101,352,1510,231,807,3460,440,1541,6603
440,83,292,1250,195,682,2921,406,1421,6089
441,70,246,1056,160,558,2393,300,1051,4505
442,73,254,1089,170,594,2546,361,1262,5409
443,96,336,1440,229,801,3432,544,1905,8165
444,77,270,1159,185,648,2774,433,1516,6498
445,60,209,896,133,467,2002,234,820,3512
446,60,209,896,136,475,2037,261,914,3916
447,121,422,1809,280,979,4197,563,1971,8447
448,90,316,1355,206,723,3097,395,1384,5930
449,211,738,3161,482,1688,7235,921,3225,13820
450,129,452,1936,306,1072,4593,650,2275,9749
451,92,324,1387,242,848,3635,658,2304,9872
452,86,300,1284,196,686,2939,372,1302,5578
453,95,332,1422,215,754,3231,412,1442,6181
454,86,300,1284,196,686,2939,375,1314,5631
455,146,512,2195,199,696,2985,273,955,4092
456,85,299,1282,197,688,2950,384,1344,5760
457,85,299,1282,190,664,2845,356,1246,5338
458,57,201,862,144,505,2164,354,1240,5314
459,97,340,1458,220,770,3302,417,1459,6252
460,75,262,1124,171,598,2564,328,1147,4917
461,104,365,1563,238,832,3565,453,1586,6796
462,126,442,1896,323,1131,4847,844,2954,12661
463,76,266,1142,174,610,2616,332,1164,4987
464,146,512,2195,242,848,3635,392,1373,5883
465,64,225,966,149,520,2230,288,1008,4320
466,54,190,813,124,434,1859,237,829,3552
467,54,190,813,124,434,1859,237,829,3552
468,42,146,625,95,334,1429,182,637,2730
469,101,354,1518,256,896,3839,646,2261,9689
470,61,212,909,151,528,2265,368,1290,5527
471,37,128,551,86,300,1288,176,617,2645
472,71,250,1072,191,668,2865,546,1909,8183
473,47,166,711,108,379,1626,207,725,3106
474,40,139,594,91,317,1358,173,606,2596
475,38,132,566,86,302,1293,165,576,2470
476,46,160,688,105,368,1575,202,706,3028
477,54,188,807,127,444,1902,272,953,4085
478,49,170,730,111,389,1668,212,744,3186
479,54,190,816,124,434,1860,235,821,3520
480,57,200,859,132,462,1980,259,908,3891
481,58,203,871,131,458,1961,237,829,3554
482,42,147,630,96,336,1439,183,642,2749
483,48,169,724,118,414,1776,282,988,4234
484,37,128,550,84,293,1257,160,560,2402
485,39,136,583,89,311,1332,170,594,2546
486,89,311,1334,110,385,1651,129,452,1940
487,49,170,729,114,401,1717,240,841,3604
488,53,186,796,113,396,1699,215,752,3224
489,67,236,1009,111,390,1669,193,674,2890
490,66,232,995,139,485,2078,257,899,3852
491,63,221,947,109,381,1632,186,650,2788
492,56,196,842,126,440,1884,228,797,3415
493,46,162,695,111,389,1667,247,864,3704
494,36,126,539,82,288,1232,157,549,2354
495,59,208,889,133,466,1996,243,851,3646
496,59,206,883,134,470,2012,253,887,3802
497,71,250,1072,191,668,2865,546,1909,8183
498,52,182,779,119,416,1780,227,794,3402
499,61,214,920,142,498,2132,285,996,4269
500,44,153,657,100,350,1502,191,670,2871
501,69,241,1033,157,551,2361,301,1053,4512
502,65,227,973,152,533,2285,329,1150,4929
503,55,192,825,135,474,2031,310,1086,4654
504,69,242,1036,158,553,2370,292,1022,4379
505,65,227,973,152,533,2285,329,1150,4929
506,10,36,153,22,76,328,37,128,551
507,52,182,780,67,236,1012,104,365,1563
508,30,106,453,69,242,1036,132,462,1980
509,64,222,954,145,507,2172,277,970,4156
510,58,204,872,133,465,1993,254,888,3808
511,35,124,530,81,283,1212,154,540,2316
512,52,182,780,67,236,1012,104,365,1563
513,61,213,914,139,488,2090,266,932,3994
514,10,34,146,24,82,354,54,188,808
515,7,25,106,18,62,266,44,154,658
516,7,26,112,19,65,280,45,159,682
517,10,34,146,24,82,354,54,188,808
518,56,197,843,143,501,2147,358,1252,5367
519,70,246,1054,162,566,2424,307,1074,4601
520,56,197,843,143,501,2147,358,1252,5367
521,1,4,18,3,10,42,5,19,80
522,1,4,18,3,10,42,5,19,80
523,37,129,554,84,295,1265,161,564,2417
524,,,,,,,,,
525,59,205,878,142,497,2129,327,1146,4910
526,59,205,878,138,484,2072,301,1053,4513
527,59,205,878,142,497,2129,327,1146,4910
528,121,422,1809,277,971,4162,536,1877,8043
529,132,462,1982,158,554,2376,218,762,3265
530,39,136,582,93,326,1400,208,728,3118
531,39,136,582,93,326,1400,208,728,3118
532,52,182,780,117,408,1750,209,733,3141
533,19,67,288,43,150,645,82,288,1236
534,30,104,444,82,288,1236,253,885,3792
535,28,98,419,64,223,955,122,426,1828
536,27,96,412,67,236,1012,158,553,2372
537,30,104,444,82,288,1236,253,885,3792
538,14,48,206,32,114,486,70,246,1054
539,54,190,813,144,503,2155,400,1399,5996
540,36,128,547,80,282,1207,148,517,2215
541,73,256,1097,191,669,2868,521,1825,7821
542,133,466,1998,333,1164,4990,819,2866,12284
543,23,79,339,47,164,704,81,282,1210
544,70,246,1056,164,575,2464,324,1133,4857
545,70,246,1056,164,575,2464,324,1133,4857
546,100,349,1496,228,796,3414,435,1523,6529
547,100,349,1496,228,796,3414,435,1523,6529
548,0,0,0,0,0,0,0,0,0
549,57,199,852,151,528,2265,427,1493,6399
550,38,133,570,91,317,1358,196,686,2939
551,62,216,924,157,550,2356,404,1414,6061
552,57,199,852,151,528,2265,427,1493,6399
553,47,163,699,121,422,1809,327,1144,4905
554,45,157,673,113,396,1698,284,993,4255
555,58,204,875,136,475,2035,275,961,4118
556,63,220,942,162,568,2433,433,1516,6499
557,54,189,811,130,456,1956,292,1022,4382
558,38,131,563,93,326,1398,226,791,3391
559,37,130,558,97,341,1461,265,926,3970
560,74,258,1106,209,733,3142,685,2398,10276
561,20,70,301,51,177,760,128,448,1922
562,35,121,520,88,308,1319,224,784,3358
563,50,177,758,126,442,1895,311,1089,4668
564,41,142,609,105,368,1578,281,982,4208
565,49,172,736,131,458,1964,375,1312,5621
566,58,202,864,141,494,2116,329,1152,4936
567,,,,,,,,,
568,117,410,1756,267,934,4004,535,1872,8025
569,12,42,180,30,106,454,76,268,1147
570,12,42,180,30,106,454,76,268,1147
571,72,250,1074,157,550,2358,299,1047,4487
572,65,209,896,65,463,1984,65,1016,4355
573,63,222,950,153,537,2300,344,1203,5156
574,72,250,1074,157,550,2358,299,1047,4487
575,39,138,592,104,363,1555,284,995,4265
576,29,103,442,76,267,1143,205,716,3068
577,42,148,637,97,340,1455,185,648,2775
578,40,141,603,93,325,1393,184,643,2755
579,41,143,613,95,332,1425,194,679,2912
580,33,116,495,78,274,1172,166,581,2492
581,26,90,387,62,216,928,136,478,2046
582,39,138,592,95,333,1426,213,747,3200
583,39,138,592,104,363,1555,284,995,4265
584,27,94,403,63,221,947,130,456,1955
585,18,62,267,24,84,360,33,114,488
586,27,93,400,60,211,903,116,405,1735
587,25,86,370,59,205,880,127,445,1908
588,35,123,528,84,295,1265,188,659,2825
589,29,101,433,66,231,990,126,441,1892
590,0,0,0,0,0,0,0,0,0
591,39,135,580,70,244,1044,143,501,2146
592,34,119,510,34,120,514,35,121,519
593,14,50,212,19,66,284,26,92,394
594,39,135,580,70,244,1044,143,501,2146
596,18,65,277,59,207,888,221,775,3322
597,18,65,277,59,207,888,221,775,3322
598,53,184,788,56,196,839,62,218,933
599,10,35,149,23,82,352,50,174,744
600,17,61,262,40,140,598,79,276,1181
601,98,344,1475,247,864,3705,635,2222,9520
602,98,344,1475,247,864,3705,635,2222,9520
603,75,262,1124,171,598,2564,335,1172,5022
604,,,,,,,,,
605,83,291,1247,188,660,2827,361,1262,5409
606,90,316,1352,210,734,3143,428,1500,6427
607,96,336,1440,224,782,3354,453,1586,6796
608,111,389,1668,255,893,3828,503,1762,7551
609,119,418,1791,270,946,4056,521,1824,7814
610,50,174,748,125,436,1869,308,1078,4619
611,54,189,810,125,436,1869,247,864,3702
612,59,208,890,136,478,2047,260,912,3907
613,58,202,863,158,554,2376,472,1653,7084
614,45,156,668,117,411,1762,325,1136,4868
615,42,148,632,100,351,1504,215,752,3222
616,54,189,810,123,430,1842,252,882,3782
617,49,172,739,113,397,1700,217,758,3248
618,69,241,1032,163,569,2439,428,1500,6426
619,35,122,525,84,295,1264,205,718,3080
620,53,187,801,122,428,1834,233,816,3498
621,82,286,1228,193,677,2902,412,1441,6177
622,46,160,685,114,399,1709,277,970,4156
623,47,166,712,100,349,1495,203,710,3044
624,61,212,908,101,353,1513,171,598,2563
625,56,197,846,130,455,1949,272,951,4076
626,47,166,712,115,401,1718,253,887,3800
627,55,193,828,128,448,1922,258,901,3863
628,52,183,783,119,415,1780,236,824,3534
629,51,178,766,118,413,1771,249,872,3738
630,50,174,748,125,436,1869,308,1078,4619
631,28,96,414,67,236,1010,155,544,2332
632,20,70,299,50,174,748,123,431,1846
633,17,61,262,44,152,654,107,374,1601
634,27,95,408,68,238,1019,168,587,2516
635,28,96,414,67,236,1010,155,544,2332
636,25,89,382,66,232,995,179,626,2685
637,67,234,1002,149,520,2228,314,1100,4716
638,58,202,864,132,461,1976,252,880,3774
639,63,220,944,142,498,2134,274,960,4114
640,69,240,1030,149,521,2234,272,952,4081
641,44,152,653,100,350,1498,194,678,2905
642,38,134,574,97,341,1461,250,873,3743
643,36,126,538,85,296,1270,179,625,2680
644,67,234,1002,149,520,2228,314,1100,4716
645,31,108,465,82,286,1226,225,786,3370
646,129,452,1936,277,968,4148,516,1806,7742
647,22,78,337,51,180,770,98,344,1472
648,22,78,337,51,180,770,98,344,1472
649,14,51,217,33,116,496,63,221,948
650,29,101,432,66,230,984,124,434,1859
651,39,137,586,101,354,1518,269,943,4042
652,40,140,601,96,336,1442,218,764,3275
653,27,95,406,67,235,1006,161,564,2419
654,22,77,330,39,137,586,67,235,1006
655,39,137,586,101,354,1518,269,943,4042
656,30,105,451,51,179,766,89,312,1337
657,59,206,882,137,480,2056,276,968,4146
658,46,162,696,82,288,1236,150,523,2243
659,46,162,696,82,288,1236,150,523,2243
660,25,86,369,63,221,947,163,572,2450
661,23,82,352,59,207,887,154,540,2314
662,41,144,616,94,328,1405,190,666,2853
663,25,86,369,63,221,947,163,572,2450
664,27,93,399,65,229,980,157,550,2356
665,27,94,403,69,242,1036,182,637,2730
666,32,112,480,94,328,1405,307,1075,4606
667,47,164,705,120,421,1804,310,1086,4657
668,37,129,552,83,291,1248,167,586,2509
669,46,159,683,106,370,1586,252,882,3780
670,28,97,416,65,229,982,139,485,2078
671,35,122,523,79,278,1190,155,542,2322
672,46,159,683,106,370,1586,252,882,3780
673,,,,,,,,,
674,35,122,521,86,302,1293,208,729,3124
675,45,156,670,124,432,1854,371,1300,5570
676,32,111,477,77,268,1151,176,618,2647
677,28,99,424,67,233,999,142,496,2125
678,32,113,485,82,286,1225,204,716,3067
679,20,71,304,44,156,666,87,306,1311
680,20,70,300,47,164,703,95,331,1418
681,18,63,271,42,146,625,82,288,1233
682,45,156,670,124,432,1854,371,1300,5570
683,19,68,292,45,156,670,87,306,1311
684,86,300,1284,196,684,2933,456,1597,6846
685,94,328,1405,214,750,3214,405,1418,6076
686,73,254,1089,166,582,2494,347,1213,5198
687,69,242,1036,162,566,2424,341,1192,5110
688,77,270,1159,176,614,2634,336,1176,5040
689,94,328,1408,216,756,3238,412,1441,6177
690,56,197,843,138,484,2072,323,1131,4847
691,73,254,1089,166,582,2494,316,1106,4742
692,82,287,1229,187,656,2810,416,1454,6234
693,71,250,1071,164,574,2458,314,1098,4706
694,57,201,860,136,475,2037,290,1016,4355
695,74,258,1106,167,586,2511,324,1135,4864
696,86,300,1284,196,684,2933,456,1597,6846
697,76,266,1142,178,623,2669,366,1282,5496
698,86,300,1284,196,686,2939,374,1310,5614
699,94,328,1405,217,758,3249,423,1479,6340
700,79,275,1179,187,656,2810,454,1589,6810
701,76,266,1142,174,610,2616,332,1164,4987
702,73,254,1091,171,600,2569,364,1273,5455
703,88,307,1317,201,705,3020,385,1348,5778
704,62,217,931,142,496,2125,270,946,4056
705,99,346,1485,218,763,3270,447,1564,6705
706,101,354,1515,230,805,3450,440,1540,6600
707,99,346,1485,218,763,3270,447,1564,6705
708,91,318,1365,210,735,3150,409,1432,6135
709,108,379,1624,245,856,3669,463,1619,6938
710,108,379,1624,245,856,3669,463,1619,6938
711,77,268,1150,193,677,2902,484,1695,7265
712,37,129,553,85,296,1268,161,565,2422
713,77,268,1150,193,677,2902,484,1695,7265
714,48,168,722,110,384,1644,207,726,3109
715,38,132,566,86,302,1296,165,578,2477
716,42,146,625,95,333,1427,182,637,2729
717,36,126,539,82,287,1230,156,547,2346
718,35,124,532,81,284,1216,155,542,2325
719,35,123,528,85,296,1270,192,670,2873
720,35,123,528,85,296,1270,192,670,2873
721,19,65,278,43,152,651,91,317,1359
722,36,126,542,89,311,1332,210,734,3147
723,144,504,2158,171,599,2566,209,730,3128
724,33,117,501,77,271,1162,155,543,2329
725,,,,,,,,,
726,102,356,1528,233,816,3494,447,1565,6708
727,93,325,1393,216,756,3242,439,1536,6583
728,81,285,1221,186,650,2786,355,1242,5323
729,83,289,1238,188,658,2820,356,1247,5345
730,114,398,1704,260,910,3898,498,1742,7463
731,111,387,1658,253,884,3790,483,1690,7241
732,34,119,511,82,287,1231,184,644,2760
733,34,119,511,82,287,1231,184,644,2760
734,22,78,335,56,196,840,143,499,2140
735,22,78,335,56,196,840,143,499,2140
736,28,99,425,28,99,425,28,99,425
737,,,,,,,,,
738,69,240,1028,179,627,2687,488,1706,7313
739,81,283,1212,181,635,2722,389,1363,5842
740,81,283,1212,181,635,2722,389,1363,5842
741,84,295,1264,197,688,2950,393,1377,5900
742,49,172,738,115,402,1724,235,821,3520
743,63,221,948,146,512,2195,293,1024,4390
744,49,172,738,115,402,1724,235,821,3520
745,48,168,720,111,389,1668,215,754,3231
746,61,212,911,139,486,2081,265,928,3978
747,28,98,418,63,222,950,121,425,1820
748,93,325,1393,176,617,2644,448,1568,6720
749,47,166,710,108,379,1625,207,724,3104
750,40,140,602,68,237,1017,126,441,1889
751,47,164,701,101,355,1522,193,675,2892
752,33,114,490,75,261,1120,143,500,2140
753,54,187,803,113,395,1694,235,822,3521
754,43,150,642,98,342,1468,187,654,2804
755,25,88,379,58,202,865,109,383,1641
756,28,98,418,63,222,950,121,425,1820
757,35,122,522,81,283,1214,162,568,2437
758,50,174,746,129,450,1928,341,1195,5120
759,43,150,642,104,364,1562,245,858,3680
760,34,118,508,84,294,1262,203,712,3050
761,58,204,877,134,468,2005,256,896,3839
762,50,174,746,129,450,1928,341,1195,5120
763,74,259,1109,190,665,2851,490,1716,7356
764,201,705,3020,210,734,3143,222,778,3336
765,83,291,1247,217,758,3249,585,2049,8780
766,235,824,3530,544,1905,8166,1085,3798,16279
767,84,295,1264,199,696,2985,417,1459,6252
768,130,455,1949,295,1032,4425,563,1971,8447
769,73,254,1089,166,582,2494,320,1118,4794
770,77,270,1159,176,614,2634,335,1172,5022
771,184,643,2757,404,1414,6058,786,2750,11783
772,98,344,1475,217,758,3249,406,1422,6094
773,74,259,1109,190,665,2851,490,1716,7356
774,146,512,2195,343,1200,5145,705,2467,10572
775,162,566,2424,315,1102,4724,589,2061,8833
776,87,303,1300,200,701,3003,421,1475,6322
777,80,279,1194,188,660,2827,407,1426,6111
778,110,385,1651,247,864,3705,479,1676,7182
779,68,238,1018,162,566,2424,341,1192,5110
780,92,324,1387,212,742,3178,406,1422,6094
781,66,230,984,177,619,2652,533,1864,7990
782,75,262,1124,178,623,2669,388,1356,5812
783,75,262,1124,179,627,2687,386,1352,5795
784,64,225,966,146,512,2195,280,979,4197
785,78,274,1176,183,639,2740,373,1307,5602
786,33,116,495,87,306,1311,243,851,3648
787,47,165,708,108,378,1618,206,721,3091
788,91,318,1364,222,778,3336,518,1812,7764
789,68,237,1016,144,504,2161,259,908,3889
790,69,243,1042,159,555,2380,303,1061,4548
791,91,318,1360,150,525,2250,245,856,3670
792,47,166,710,114,400,1712,256,898,3846
793,91,318,1364,222,778,3336,518,1812,7764
794,,,,,,,,,
795,79,276,1184,181,634,2716,349,1222,5238
796,144,503,2156,329,1152,4940,657,2301,9860
797,138,482,2064,315,1101,4718,611,2137,9160
798,144,503,2156,329,1152,4940,657,2301,9860
799,117,408,1751,279,976,4184,602,2107,9031
800,139,486,2083,318,1114,4774,601,2103,9012
801,136,477,2046,312,1092,4681,609,2133,9142
802,134,469,2009,306,1071,4589,585,2047,8773
803,122,426,1824,291,1019,4368,648,2266,9713
804,257,899,3852,580,2030,8699,1067,3733,15998
805,130,456,1954,297,1041,4460,568,1987,8515
806,152,533,2286,351,1230,5271,783,2740,11740
807,134,471,2018,220,772,3307,381,1332,5710
808,65,227,974,204,714,3060,744,2605,11166
809,57,199,853,134,470,2014,286,1002,4295
810,58,204,876,133,464,1990,276,965,4137
811,64,226,967,147,514,2204,278,972,4166
812,65,227,974,204,714,3060,744,2605,11166
813,28,97,416,66,230,985,143,500,2144
814,64,226,968,199,695,2978,723,2530,10841
815,164,572,2453,486,1702,7297,1657,5800,24858
816,38,134,573,88,308,1319,175,614,2631
817,68,238,1019,155,544,2330,297,1041,4460
818,28,97,416,66,230,985,143,500,2144
819,39,136,584,104,363,1555,292,1022,4382
820,58,204,872,134,468,2006,260,912,3906
821,34,118,506,85,297,1271,211,739,3166
822,39,136,584,104,363,1555,292,1022,4382
823,22,77,330,60,210,899,176,615,2635
824,25,88,379,53,184,790,105,366,1568
825,22,78,334,51,177,759,100,351,1504
826,15,52,223,35,123,527,76,267,1144
827,23,81,349,57,201,861,137,480,2059
828,66,232,996,153,535,2292,298,1044,4473
829,54,190,812,124,434,1860,238,834,3574
830,37,129,552,84,294,1262,161,563,2412
831,30,105,450,69,240,1029,131,459,1966
832,25,89,381,63,221,948,154,538,2308
833,52,182,778,118,414,1772,223,781,3347
834,24,84,360,60,210,898,148,517,2215
835,39,135,578,94,329,1410,218,762,3268
836,57,201,860,131,459,1966,250,876,3756
837,32,111,474,78,272,1166,183,639,2738
838,20,72,306,49,173,740,112,391,1676
839,59,207,886,135,472,2025,258,903,3870
840,29,100,430,73,255,1092,188,657,2816
841,26,91,389,57,201,862,108,378,1620
842,40,139,597,90,315,1350,168,587,2517
843,44,154,660,92,322,1378,190,665,2850
844,56,197,844,137,479,2053,353,1235,5292
845,55,194,830,137,481,2062,333,1165,4994
846,95,331,1420,216,756,3242,412,1442,6178
847,35,123,528,80,282,1207,154,539,2309
848,32,110,473,70,246,1056,133,464,1990
849,128,449,1926,213,745,3193,352,1232,5282
850,128,449,1926,213,745,3193,352,1232,5282
851,82,288,1234,188,658,2821,360,1258,5393
852,73,257,1101,180,630,2698,421,1473,6312
853,48,168,718,110,386,1655,217,758,3249
854,52,181,777,130,456,1954,325,1137,4872
855,38,134,574,87,304,1301,161,562,2410
856,61,213,914,148,517,2215,336,1177,5044
857,46,161,690,103,362,1550,187,653,2799
858,58,204,872,132,462,1982,248,866,3714
859,47,166,710,106,371,1590,189,662,2839
860,73,257,1101,180,630,2698,421,1473,6312
861,57,199,854,96,337,1445,194,679,2911
862,40,142,607,92,321,1376,170,596,2555
863,63,221,948,163,569,2439,426,1492,6392
864,,,,,,,,,
865,120,420,1800,277,970,4155,554,1939,8310
866,102,357,1530,233,816,3495,445,1558,6675
867,111,388,1665,258,903,3870,519,1816,7785
868,75,264,1132,80,280,1202,89,312,1336
869,55,191,819,125,436,1870,243,849,3638
870,52,182,781,120,420,1802,237,829,3554
871,75,264,1132,80,280,1202,89,312,1336
872,12,43,183,29,103,442,67,234,1005
873,12,43,183,29,103,442,67,234,1005
874,83,289,1238,197,690,2957,439,1537,6588
875,83,289,1238,197,690,2957,439,1537,6588
876,115,403,1728,289,1010,4330,752,2630,11273
877,108,376,1614,288,1009,4324,820,2868,12294
878,96,335,1434,226,790,3387,493,1725,7392
879,109,381,1634,250,874,3746,484,1692,7253
880,104,363,1554,235,823,3527,506,1771,7592
881,108,376,1614,288,1009,4324,820,2868,12294
882,102,357,1530,228,798,3420,411,1438,6165
883,87,304,1305,212,742,3180,492,1722,7380
884,102,357,1530,234,819,3510,447,1564,6705
885,,,,,,,,,
886,150,525,2250,416,1456,6240,1342,4697,20130
887,91,318,1365,211,738,3165,428,1498,6420
888,96,336,1440,224,784,3360,451,1578,6765
889,87,304,1305,199,696,2985,384,1344,5760
890,65,228,975,148,518,2220,284,994,4260
891,83,290,1245,190,665,2850,369,1292,5535
893,131,458,1965,363,1270,5445,1101,3854,16515
894,90,315,1350,206,721,3090,393,1376,5895
895,88,308,1320,202,707,3030,386,1351,5790
896,70,245,1050,165,578,2475,343,1200,5145
897,,,,,,,,,
898,155,542,2325,323,1130,4845,594,2079,8910
899,68,238,1020,159,556,2385,320,1120,4800
900,155,542,2325,355,1242,5325,677,2370,10155
901,87,304,1305,204,714,3060,455,1592,6825
902,82,287,1230,190,665,2850,384,1344,5760
903,79,276,1185,167,584,2505,371,1298,5565
904,143,500,2145,326,1141,4890,623,2180,9345
905,109,382,1635,217,760,3255,426,1491,6390
906,103,360,1545,237,830,3555,457,1600,6855
907,107,374,1605,243,850,3645,460,1610,6900
908,154,539,2310,154,539,2310,154,539,2310
909,165,578,2475,378,1323,5670,722,2527,10830
910,90,315,1350,217,760,3255,492,1722,7380
911,129,452,1935,297,1040,4455,585,2048,8775
912,136,476,2040,327,1144,4905,731,2558,10965
913,76,266,1140,174,609,2610,333,1166,4995
914,,,,,,,,,
915,,,,,,,,,
916,66,231,990,150,525,2250,287,1004,4305
917,145,508,2175,332,1162,4980,634,2219,9510
918,78,273,1170,179,626,2685,352,1232,5280
919,93,326,1395,211,738,3165,396,1386,5940
920,9,406,1740,9,1018,4365,9,2642,11325
921,100,350,1500,231,808,3465,463,1620,6945
922,129,452,1935,301,1054,4515,625,2188,9375
923,69,242,1035,159,556,2385,306,1071,4590
924,80,280,1200,156,546,2340,315,1102,4725
925,99,346,1485,251,878,3765,637,2230,9555
926,99,346,1485,227,794,3405,433,1516,6495
927,,,,,,,,,
928,86,301,1290,200,700,3000,402,1407,6030
929,95,332,1425,225,788,3375,480,1680,7200
930,81,284,1215,185,648,2775,353,1236,5295
931,99,346,1485,225,788,3375,428,1498,6420
932,122,427,1830,323,1130,4845,916,3206,13740
933,91,318,1365,223,780,3345,526,1841,7890
934,230,805,3450,343,1200,5145,601,2104,9015
935,115,402,1725,158,553,2370,261,914,3915
936,81,284,1215,176,616,2640,292,1022,4380
937,85,298,1275,191,668,2865,362,1267,5430
938,86,301,1290,205,718,3075,458,1603,6870
939,,,,,,,,,
940,93,326,1395,212,742,3180,405,1418,6075
941,82,287,1230,193,676,2895,403,1410,6045
942,77,270,1155,175,612,2625,335,1172,5025
943,73,256,1095,166,581,2490,328,1148,4920
944,119,416,1785,269,942,4035,585,2048,8775
945,44,154,660,101,354,1515,192,672,2880
946,110,385,1650,260,910,3900,550,1925,8250
947,102,357,1530,248,868,3720,614,2149,9210
948,98,343,1470,229,802,3435,479,1676,7185
949,72,252,1080,165,578,2475,322,1127,4830
950,97,340,1455,221,774,3315,423,1480,6345
951,77,270,1155,175,612,2625,335,1172,5025
952,80,280,1200,190,665,2850,399,1396,5985
953,84,294,1260,195,682,2925,392,1372,5880
954,88,308,1320,200,700,3000,379,1326,5685
955,74,259,1110,169,592,2535,323,1130,4845
956,138,483,2070,318,1113,4770,669,2342,10035
957,90,315,1350,207,724,3105,405,1418,6075
958,91,318,1365,218,763,3270,484,1694,7260
959,103,360,1545,267,934,4005,708,2478,10620
960,109,382,1635,221,774,3315,407,1424,6105
961,96,336,1440,253,886,3795,700,2450,10500
962,65,228,975,148,518,2220,282,987,4230
963,88,308,1320,203,710,3045,398,1393,5970
964,84,294,1260,196,686,2940,407,1424,6105
965,86,301,1290,197,690,2955,373,1306,5595
966,113,396,1695,257,900,3855,484,1694,7260
967,91,318,1365,222,777,3330,511,1788,7665
968,140,490,2100,287,1004,4305,568,1988,8520
969,124,434,1860,329,1152,4935,926,3241,13890
970,76,266,1140,174,609,2610,333,1166,4995
971,95,332,1425,220,770,3300,437,1530,6555
972,122,427,1830,287,1004,4305,731,2558,10965
973,77,270,1155,179,626,2685,366,1281,5490
974,126,441,1890,289,1012,4335,557,1950,8355
975,83,290,1245,189,662,2835,360,1260,5400
976,78,273,1170,177,620,2655,339,1186,5085
977,90,315,1350,196,686,2940,306,1071,4590
978,101,354,1515,231,808,3465,437,1530,6555
979,118,413,1770,269,942,4035,514,1799,7710
980,111,388,1665,259,906,3885,527,1844,7905
981,110,385,1650,256,896,3840,522,1827,7830
982,299,1046,4485,832,2912,12480,2546,8911,38190
983,97,340,1455,221,774,3315,425,1488,6375
984,139,486,2085,369,1292,5535,1037,3630,15555
985,70,245,1050,161,564,2415,307,1074,4605
986,110,385,1650,300,1050,4500,879,3076,13185
987,84,294,1260,195,682,2925,393,1376,5895
988,125,438,1875,285,998,4275,545,1908,8175
989,148,518,2220,343,1200,5145,682,2387,10230
990,86,301,1290,199,696,2985,393,1376,5895
991,106,371,1590,258,903,3870,597,2090,8955
992,94,329,1410,214,749,3210,406,1421,6090
993,96,336,1440,235,822,3525,545,1908,8175
994,65,228,975,148,518,2220,282,987,4230
995,94,329,1410,214,749,3210,429,1502,6435
996,109,382,1635,248,868,3720,470,1645,7050
997,78,273,1170,179,626,2685,341,1194,5115
998,171,598,2565,409,1432,6135,900,3150,13500
999,146,511,2190,333,1166,4995,638,2233,9570
1000,121,424,1815,277,970,4155,527,1844,7905
1001,87,304,1305,202,707,3030,434,1519,6510
1002,74,259,1110,169,592,2535,324,1134,4860
1003,120,420,1800,271,948,4065,644,2254,9660
1004,131,458,1965,363,1270,5445,1101,3854,16515
1005,84,294,1260,192,672,2880,367,1284,5505
1006,90,315,1350,202,707,3030,383,1340,5745
1007,118,413,1770,270,945,4050,516,1806,7740
1008,131,458,1965,371,1298,5565,1174,4109,17610
1009,85,298,1275,196,686,2940,392,1372,5880
1010,66,231,990,150,525,2250,286,1001,4290
1011,135,472,2025,368,1288,5520,1078,3773,16170
1012,104,364,1560,244,854,3660,517,1810,7755
1013,119,416,1785,272,952,4080,520,1820,7800
1014,161,564,2415,368,1288,5520,700,2450,10500
1015,53,186,795,76,266,1140,117,410,1755
1016,97,340,1455,234,819,3510,528,1848,7920
1017,98,343,1470,276,966,4140,859,3006,12885
1018,95,332,1425,220,770,3300,447,1564,6705
1019,93,326,1395,213,746,3195,407,1424,6105
1020,85,298,1275,211,738,3165,513,1796,7695
1021,100,350,1500,227,794,3405,447,1564,6705
1022,117,410,1755,245,858,3675,462,1617,6930
1023,100,350,1500,231,808,3465,450,1575,6750
1024,58,203,870,133,466,1995,265,928,3975
1025,59,206,885,135,472,2025,255,892,3825
1026,94,329,1410,184,644,2760,373,1306,5595
1027,132,462,1980,176,616,2640,289,1012,4335
1028,76,266,1140,174,609,2610,333,1166,4995
1029,154,539,2310,320,1120,4800,625,2188,9375
1030,84,294,1260,195,682,2925,395,1382,5925
1031,100,350,1500,224,784,3360,437,1530,6555
1032,101,354,1515,239,836,3585,504,1764,7560
1033,93,326,1395,211,738,3165,401,1404,6015
1034,122,427,1830,282,987,4230,604,2114,9060
1035,65,228,975,161,564,2415,403,1410,6045
1036,97,340,1455,233,816,3495,523,1830,7845
1037,100,350,1500,251,878,3765,631,2208,9465
1038,86,301,1290,196,686,2940,376,1316,5640
1039,68,238,1020,156,546,2340,297,1040,4455
1040,108,378,1620,248,868,3720,484,1694,7260
1041,281,984,4215,350,1225,5250,537,1880,8055
1042,84,294,1260,202,707,3030,445,1558,6675
1043,99,346,1485,242,847,3630,558,1953,8370
1044,85,298,1275,200,700,3000,416,1456,6240
1045,67,234,1005,152,532,2280,291,1018,4365
1046,64,224,960,145,508,2175,278,973,4170
1047,114,399,1710,260,910,3900,497,1740,7455
1048,64,224,960,146,511,2190,278,973,4170
1049,96,336,1440,219,766,3285,418,1463,6270
1050,82,287,1230,190,665,2850,379,1326,5685
1051,82,287,1230,218,763,3270,607,2124,9105
1052,117,410,1755,267,934,4005,510,1785,7650
1053,211,738,3165,345,1208,5175,637,2230,9555
1054,75,262,1125,169,592,2535,313,1096,4695
892,63,220,945,148,518,2220,311,1088,4665
1055,103,360,1545,226,791,3390,477,1670,7155
1056,165,578,2475,378,1323,5670,725,2538,10875
1057,61,214,915,135,472,2025,284,994,4260
1058,107,374,1605,245,858,3675,469,1642,7035
1059,78,273,1170,181,634,2715,355,1242,5325
1060,75,262,1125,174,609,2610,343,1200,5145
1061,78,273,1170,178,623,2670,341,1194,5115
1062,78,273,1170,181,634,2715,362,1267,5430
1063,67,234,1005,158,553,2370,335,1172,5025
1064,64,224,960,146,511,2190,279,976,4185
1065,30,106,453,71,247,1058,180,631,2706
1066,35,121,518,79,276,1182,150,524,2246
1067,30,106,453,71,247,1058,180,631,2706
1068,35,124,531,81,283,1213,155,541,2318
1069,51,178,765,117,408,1749,223,780,3342
1070,38,132,565,86,300,1284,163,571,2447
1071,201,704,3017,466,1630,6983,927,3243,13898
1072,21,73,314,57,200,855,167,586,2510
1073,27,96,412,66,231,989,146,512,2192
1074,20,68,293,45,156,670,85,298,1280
1075,22,78,337,55,193,826,129,452,1936
1076,15,52,222,37,128,548,87,306,1312
1077,27,94,400,66,230,988,157,548,2349
1078,21,73,314,57,200,855,167,586,2510
1079,31,110,472,88,306,1314,267,935,4008
1080,20,69,295,51,178,762,134,470,2017
1081,23,80,342,56,198,846,138,485,2077
1082,23,80,343,52,183,783,100,349,1497
1083,20,69,296,48,167,716,109,382,1638
1084,19,66,282,46,162,692,108,379,1624
1085,24,83,356,54,190,812,103,362,1552
1086,18,61,262,45,158,678,119,417,1786
1087,,,,,,,,,
1088,,,,,,,,,
